surface,data,sensor,time
1,0,1,700
1,0,2,496
1,0,3,432
1,0,4,480
1,0,5,672
1,1,1,700
1,1,2,492
1,1,3,436
1,1,4,484
1,1,5,676
1,2,1,704
1,2,2,496
1,2,3,436
1,2,4,484
1,2,5,672
1,3,1,704
1,3,2,492
1,3,3,432
1,3,4,484
1,3,5,672
1,4,1,700
1,4,2,492
1,4,3,436
1,4,4,484
1,4,5,676
1,5,1,700
1,5,2,492
1,5,3,436
1,5,4,480
1,5,5,676
1,6,1,704
1,6,2,496
1,6,3,440
1,6,4,484
1,6,5,672
1,7,1,700
1,7,2,496
1,7,3,432
1,7,4,484
1,7,5,676
1,8,1,700
1,8,2,496
1,8,3,436
1,8,4,484
1,8,5,676
1,9,1,704
1,9,2,496
1,9,3,432
1,9,4,480
1,9,5,672
1,10,1,700
1,10,2,492
1,10,3,436
1,10,4,484
1,10,5,676
1,11,1,704
1,11,2,492
1,11,3,436
1,11,4,484
1,11,5,672
1,12,1,704
1,12,2,496
1,12,3,436
1,12,4,480
1,12,5,672
1,13,1,704
1,13,2,496
1,13,3,436
1,13,4,484
1,13,5,676
1,14,1,704
1,14,2,504
1,14,3,436
1,14,4,484
1,14,5,676
1,15,1,704
1,15,2,492
1,15,3,436
1,15,4,492
1,15,5,676
1,16,1,704
1,16,2,496
1,16,3,436
1,16,4,484
1,16,5,676
1,17,1,704
1,17,2,492
1,17,3,436
1,17,4,484
1,17,5,672
1,18,1,704
1,18,2,496
1,18,3,432
1,18,4,484
1,18,5,672
1,19,1,704
1,19,2,496
1,19,3,432
1,19,4,484
1,19,5,676
1,20,1,704
1,20,2,492
1,20,3,436
1,20,4,484
1,20,5,672
1,21,1,704
1,21,2,492
1,21,3,436
1,21,4,484
1,21,5,676
1,22,1,704
1,22,2,496
1,22,3,432
1,22,4,484
1,22,5,676
1,23,1,704
1,23,2,496
1,23,3,436
1,23,4,484
1,23,5,676
1,24,1,704
1,24,2,496
1,24,3,436
1,24,4,484
1,24,5,676
1,25,1,704
1,25,2,492
1,25,3,444
1,25,4,484
1,25,5,688
1,26,1,704
1,26,2,496
1,26,3,436
1,26,4,484
1,26,5,672
1,27,1,704
1,27,2,496
1,27,3,432
1,27,4,484
1,27,5,676
1,28,1,700
1,28,2,496
1,28,3,436
1,28,4,484
1,28,5,672
1,29,1,704
1,29,2,496
1,29,3,436
1,29,4,488
1,29,5,676
1,30,1,704
1,30,2,496
1,30,3,436
1,30,4,484
1,30,5,672
1,31,1,704
1,31,2,496
1,31,3,436
1,31,4,484
1,31,5,680
1,32,1,704
1,32,2,492
1,32,3,436
1,32,4,484
1,32,5,676
1,33,1,704
1,33,2,492
1,33,3,436
1,33,4,484
1,33,5,676
1,34,1,704
1,34,2,496
1,34,3,436
1,34,4,484
1,34,5,676
1,35,1,704
1,35,2,504
1,35,3,436
1,35,4,484
1,35,5,676
1,36,1,704
1,36,2,496
1,36,3,436
1,36,4,492
1,36,5,676
1,37,1,704
1,37,2,496
1,37,3,436
1,37,4,484
1,37,5,676
1,38,1,708
1,38,2,496
1,38,3,440
1,38,4,484
1,38,5,676
1,39,1,704
1,39,2,496
1,39,3,440
1,39,4,484
1,39,5,672
1,40,1,704
1,40,2,492
1,40,3,436
1,40,4,484
1,40,5,676
1,41,1,700
1,41,2,496
1,41,3,436
1,41,4,484
1,41,5,676
1,42,1,704
1,42,2,496
1,42,3,436
1,42,4,480
1,42,5,676
1,43,1,704
1,43,2,504
1,43,3,436
1,43,4,484
1,43,5,676
1,44,1,700
1,44,2,496
1,44,3,436
1,44,4,484
1,44,5,676
1,45,1,704
1,45,2,500
1,45,3,436
1,45,4,484
1,45,5,676
1,46,1,704
1,46,2,500
1,46,3,436
1,46,4,488
1,46,5,676
1,47,1,704
1,47,2,492
1,47,3,436
1,47,4,484
1,47,5,676
1,48,1,704
1,48,2,500
1,48,3,436
1,48,4,488
1,48,5,676
1,49,1,704
1,49,2,496
1,49,3,440
1,49,4,484
1,49,5,676
2,0,1,824
2,0,2,588
2,0,3,520
2,0,4,572
2,0,5,796
2,1,1,824
2,1,2,588
2,1,3,520
2,1,4,572
2,1,5,792
2,2,1,832
2,2,2,588
2,2,3,520
2,2,4,572
2,2,5,796
2,3,1,824
2,3,2,592
2,3,3,520
2,3,4,572
2,3,5,796
2,4,1,824
2,4,2,588
2,4,3,520
2,4,4,572
2,4,5,796
2,5,1,824
2,5,2,588
2,5,3,520
2,5,4,572
2,5,5,796
2,6,1,824
2,6,2,588
2,6,3,520
2,6,4,584
2,6,5,796
2,7,1,824
2,7,2,588
2,7,3,520
2,7,4,572
2,7,5,800
2,8,1,828
2,8,2,588
2,8,3,520
2,8,4,572
2,8,5,796
2,9,1,828
2,9,2,592
2,9,3,524
2,9,4,572
2,9,5,800
2,10,1,824
2,10,2,588
2,10,3,524
2,10,4,572
2,10,5,796
2,11,1,828
2,11,2,592
2,11,3,520
2,11,4,572
2,11,5,796
2,12,1,828
2,12,2,588
2,12,3,520
2,12,4,576
2,12,5,800
2,13,1,824
2,13,2,588
2,13,3,520
2,13,4,572
2,13,5,796
2,14,1,828
2,14,2,588
2,14,3,524
2,14,4,576
2,14,5,796
2,15,1,828
2,15,2,592
2,15,3,520
2,15,4,572
2,15,5,796
2,16,1,824
2,16,2,588
2,16,3,520
2,16,4,576
2,16,5,800
2,17,1,828
2,17,2,588
2,17,3,520
2,17,4,572
2,17,5,800
2,18,1,824
2,18,2,588
2,18,3,524
2,18,4,576
2,18,5,812
2,19,1,828
2,19,2,592
2,19,3,524
2,19,4,572
2,19,5,796
2,20,1,828
2,20,2,592
2,20,3,524
2,20,4,576
2,20,5,800
2,21,1,828
2,21,2,588
2,21,3,524
2,21,4,576
2,21,5,796
2,22,1,824
2,22,2,592
2,22,3,524
2,22,4,572
2,22,5,796
2,23,1,828
2,23,2,592
2,23,3,524
2,23,4,572
2,23,5,800
2,24,1,828
2,24,2,592
2,24,3,524
2,24,4,576
2,24,5,800
2,25,1,828
2,25,2,592
2,25,3,524
2,25,4,576
2,25,5,796
2,26,1,828
2,26,2,588
2,26,3,520
2,26,4,572
2,26,5,800
2,27,1,828
2,27,2,588
2,27,3,520
2,27,4,572
2,27,5,796
2,28,1,824
2,28,2,588
2,28,3,520
2,28,4,580
2,28,5,800
2,29,1,824
2,29,2,588
2,29,3,520
2,29,4,576
2,29,5,796
2,30,1,828
2,30,2,592
2,30,3,524
2,30,4,576
2,30,5,800
2,31,1,824
2,31,2,588
2,31,3,520
2,31,4,572
2,31,5,800
2,32,1,828
2,32,2,592
2,32,3,524
2,32,4,572
2,32,5,800
2,33,1,828
2,33,2,588
2,33,3,520
2,33,4,576
2,33,5,800
2,34,1,824
2,34,2,588
2,34,3,520
2,34,4,576
2,34,5,796
2,35,1,832
2,35,2,588
2,35,3,524
2,35,4,576
2,35,5,800
2,36,1,824
2,36,2,588
2,36,3,520
2,36,4,576
2,36,5,800
2,37,1,824
2,37,2,588
2,37,3,524
2,37,4,576
2,37,5,800
2,38,1,824
2,38,2,588
2,38,3,524
2,38,4,576
2,38,5,796
2,39,1,828
2,39,2,588
2,39,3,524
2,39,4,572
2,39,5,796
2,40,1,828
2,40,2,592
2,40,3,524
2,40,4,576
2,40,5,796
2,41,1,828
2,41,2,588
2,41,3,520
2,41,4,572
2,41,5,796
2,42,1,828
2,42,2,592
2,42,3,524
2,42,4,576
2,42,5,796
2,43,1,828
2,43,2,592
2,43,3,524
2,43,4,572
2,43,5,796
2,44,1,828
2,44,2,592
2,44,3,520
2,44,4,572
2,44,5,796
2,45,1,824
2,45,2,592
2,45,3,524
2,45,4,576
2,45,5,800
2,46,1,828
2,46,2,592
2,46,3,524
2,46,4,576
2,46,5,800
2,47,1,824
2,47,2,592
2,47,3,520
2,47,4,572
2,47,5,796
2,48,1,824
2,48,2,592
2,48,3,520
2,48,4,572
2,48,5,796
2,49,1,840
2,49,2,588
2,49,3,520
2,49,4,572
2,49,5,796
3,0,1,872
3,0,2,620
3,0,3,540
3,0,4,600
3,0,5,820
3,1,1,868
3,1,2,620
3,1,3,544
3,1,4,600
3,1,5,820
3,2,1,868
3,2,2,616
3,2,3,540
3,2,4,604
3,2,5,824
3,3,1,868
3,3,2,632
3,3,3,544
3,3,4,600
3,3,5,824
3,4,1,868
3,4,2,620
3,4,3,540
3,4,4,600
3,4,5,824
3,5,1,872
3,5,2,620
3,5,3,540
3,5,4,600
3,5,5,820
3,6,1,868
3,6,2,620
3,6,3,544
3,6,4,604
3,6,5,824
3,7,1,868
3,7,2,620
3,7,3,544
3,7,4,612
3,7,5,824
3,8,1,872
3,8,2,620
3,8,3,540
3,8,4,600
3,8,5,824
3,9,1,868
3,9,2,624
3,9,3,544
3,9,4,604
3,9,5,828
3,10,1,872
3,10,2,616
3,10,3,540
3,10,4,600
3,10,5,824
3,11,1,868
3,11,2,620
3,11,3,540
3,11,4,604
3,11,5,824
3,12,1,868
3,12,2,624
3,12,3,544
3,12,4,604
3,12,5,824
3,13,1,868
3,13,2,620
3,13,3,544
3,13,4,604
3,13,5,828
3,14,1,872
3,14,2,620
3,14,3,540
3,14,4,604
3,14,5,828
3,15,1,872
3,15,2,624
3,15,3,540
3,15,4,604
3,15,5,824
3,16,1,872
3,16,2,620
3,16,3,544
3,16,4,604
3,16,5,824
3,17,1,872
3,17,2,620
3,17,3,540
3,17,4,600
3,17,5,824
3,18,1,872
3,18,2,620
3,18,3,544
3,18,4,604
3,18,5,824
3,19,1,872
3,19,2,620
3,19,3,540
3,19,4,604
3,19,5,824
3,20,1,876
3,20,2,620
3,20,3,544
3,20,4,604
3,20,5,824
3,21,1,872
3,21,2,620
3,21,3,540
3,21,4,604
3,21,5,828
3,22,1,868
3,22,2,620
3,22,3,544
3,22,4,604
3,22,5,824
3,23,1,872
3,23,2,624
3,23,3,544
3,23,4,604
3,23,5,824
3,24,1,872
3,24,2,624
3,24,3,544
3,24,4,600
3,24,5,824
3,25,1,872
3,25,2,628
3,25,3,544
3,25,4,604
3,25,5,824
3,26,1,872
3,26,2,620
3,26,3,540
3,26,4,600
3,26,5,824
3,27,1,872
3,27,2,624
3,27,3,544
3,27,4,604
3,27,5,828
3,28,1,868
3,28,2,624
3,28,3,540
3,28,4,600
3,28,5,828
3,29,1,868
3,29,2,620
3,29,3,544
3,29,4,604
3,29,5,840
3,30,1,868
3,30,2,624
3,30,3,544
3,30,4,604
3,30,5,828
3,31,1,872
3,31,2,624
3,31,3,544
3,31,4,604
3,31,5,824
3,32,1,868
3,32,2,628
3,32,3,544
3,32,4,604
3,32,5,828
3,33,1,868
3,33,2,620
3,33,3,544
3,33,4,604
3,33,5,824
3,34,1,868
3,34,2,620
3,34,3,540
3,34,4,604
3,34,5,824
3,35,1,868
3,35,2,624
3,35,3,544
3,35,4,600
3,35,5,824
3,36,1,868
3,36,2,620
3,36,3,544
3,36,4,604
3,36,5,844
3,37,1,868
3,37,2,620
3,37,3,544
3,37,4,600
3,37,5,824
3,38,1,872
3,38,2,632
3,38,3,544
3,38,4,604
3,38,5,828
3,39,1,868
3,39,2,620
3,39,3,544
3,39,4,604
3,39,5,824
3,40,1,872
3,40,2,624
3,40,3,544
3,40,4,604
3,40,5,824
3,41,1,872
3,41,2,624
3,41,3,544
3,41,4,604
3,41,5,828
3,42,1,872
3,42,2,620
3,42,3,544
3,42,4,612
3,42,5,824
3,43,1,872
3,43,2,624
3,43,3,544
3,43,4,600
3,43,5,824
3,44,1,872
3,44,2,620
3,44,3,544
3,44,4,604
3,44,5,824
3,45,1,876
3,45,2,624
3,45,3,544
3,45,4,604
3,45,5,828
3,46,1,872
3,46,2,620
3,46,3,544
3,46,4,604
3,46,5,828
3,47,1,880
3,47,2,624
3,47,3,544
3,47,4,604
3,47,5,824
3,48,1,876
3,48,2,624
3,48,3,544
3,48,4,604
3,48,5,824
3,49,1,872
3,49,2,620
3,49,3,544
3,49,4,604
3,49,5,828
4,0,1,916
4,0,2,680
4,0,3,604
4,0,4,680
4,0,5,944
4,1,1,920
4,1,2,676
4,1,3,616
4,1,4,684
4,1,5,944
4,2,1,920
4,2,2,680
4,2,3,604
4,2,4,684
4,2,5,944
4,3,1,920
4,3,2,680
4,3,3,604
4,3,4,680
4,3,5,944
4,4,1,920
4,4,2,680
4,4,3,608
4,4,4,680
4,4,5,948
4,5,1,912
4,5,2,676
4,5,3,604
4,5,4,684
4,5,5,944
4,6,1,920
4,6,2,680
4,6,3,604
4,6,4,680
4,6,5,944
4,7,1,916
4,7,2,676
4,7,3,604
4,7,4,680
4,7,5,944
4,8,1,920
4,8,2,692
4,8,3,604
4,8,4,680
4,8,5,944
4,9,1,920
4,9,2,676
4,9,3,608
4,9,4,680
4,9,5,944
4,10,1,916
4,10,2,680
4,10,3,608
4,10,4,680
4,10,5,948
4,11,1,920
4,11,2,680
4,11,3,604
4,11,4,680
4,11,5,944
4,12,1,940
4,12,2,680
4,12,3,604
4,12,4,684
4,12,5,944
4,13,1,940
4,13,2,680
4,13,3,604
4,13,4,680
4,13,5,944
4,14,1,936
4,14,2,676
4,14,3,604
4,14,4,680
4,14,5,944
4,15,1,936
4,15,2,676
4,15,3,604
4,15,4,680
4,15,5,948
4,16,1,936
4,16,2,676
4,16,3,604
4,16,4,692
4,16,5,944
4,17,1,920
4,17,2,676
4,17,3,604
4,17,4,700
4,17,5,944
4,18,1,916
4,18,2,680
4,18,3,604
4,18,4,680
4,18,5,944
4,19,1,920
4,19,2,680
4,19,3,604
4,19,4,684
4,19,5,944
4,20,1,916
4,20,2,680
4,20,3,604
4,20,4,684
4,20,5,944
4,21,1,936
4,21,2,680
4,21,3,604
4,21,4,680
4,21,5,944
4,22,1,936
4,22,2,680
4,22,3,604
4,22,4,688
4,22,5,948
4,23,1,920
4,23,2,680
4,23,3,604
4,23,4,684
4,23,5,944
4,24,1,940
4,24,2,680
4,24,3,608
4,24,4,688
4,24,5,944
4,25,1,920
4,25,2,680
4,25,3,604
4,25,4,680
4,25,5,948
4,26,1,936
4,26,2,676
4,26,3,604
4,26,4,680
4,26,5,948
4,27,1,920
4,27,2,680
4,27,3,604
4,27,4,684
4,27,5,944
4,28,1,916
4,28,2,680
4,28,3,604
4,28,4,680
4,28,5,948
4,29,1,936
4,29,2,676
4,29,3,604
4,29,4,684
4,29,5,944
4,30,1,920
4,30,2,680
4,30,3,604
4,30,4,680
4,30,5,948
4,31,1,924
4,31,2,680
4,31,3,608
4,31,4,680
4,31,5,948
4,32,1,936
4,32,2,680
4,32,3,608
4,32,4,688
4,32,5,944
4,33,1,920
4,33,2,676
4,33,3,608
4,33,4,684
4,33,5,944
4,34,1,936
4,34,2,680
4,34,3,608
4,34,4,680
4,34,5,944
4,35,1,920
4,35,2,680
4,35,3,608
4,35,4,684
4,35,5,944
4,36,1,916
4,36,2,680
4,36,3,616
4,36,4,684
4,36,5,948
4,37,1,916
4,37,2,680
4,37,3,608
4,37,4,684
4,37,5,944
4,38,1,924
4,38,2,680
4,38,3,612
4,38,4,680
4,38,5,948
4,39,1,920
4,39,2,676
4,39,3,604
4,39,4,684
4,39,5,944
4,40,1,940
4,40,2,680
4,40,3,604
4,40,4,680
4,40,5,948
4,41,1,916
4,41,2,680
4,41,3,604
4,41,4,684
4,41,5,944
4,42,1,936
4,42,2,680
4,42,3,604
4,42,4,684
4,42,5,948
4,43,1,920
4,43,2,680
4,43,3,604
4,43,4,692
4,43,5,944
4,44,1,916
4,44,2,680
4,44,3,604
4,44,4,684
4,44,5,944
4,45,1,920
4,45,2,680
4,45,3,604
4,45,4,680
4,45,5,944
4,46,1,920
4,46,2,680
4,46,3,604
4,46,4,680
4,46,5,948
4,47,1,920
4,47,2,680
4,47,3,608
4,47,4,680
4,47,5,948
4,48,1,920
4,48,2,680
4,48,3,604
4,48,4,684
4,48,5,944
4,49,1,916
4,49,2,680
4,49,3,604
4,49,4,680
4,49,5,948
5,0,1,860
5,0,2,712
5,0,3,648
5,0,4,716
5,0,5,972
5,1,1,864
5,1,2,716
5,1,3,652
5,1,4,720
5,1,5,976
5,2,1,868
5,2,2,720
5,2,3,652
5,2,4,716
5,2,5,976
5,3,1,872
5,3,2,720
5,3,3,656
5,3,4,728
5,3,5,984
5,4,1,876
5,4,2,728
5,4,3,660
5,4,4,728
5,4,5,988
5,5,1,876
5,5,2,732
5,5,3,664
5,5,4,732
5,5,5,988
5,6,1,880
5,6,2,732
5,6,3,668
5,6,4,736
5,6,5,992
5,7,1,880
5,7,2,732
5,7,3,668
5,7,4,740
5,7,5,992
5,8,1,876
5,8,2,732
5,8,3,668
5,8,4,740
5,8,5,992
5,9,1,884
5,9,2,736
5,9,3,684
5,9,4,740
5,9,5,996
5,10,1,888
5,10,2,736
5,10,3,676
5,10,4,748
5,10,5,1004
5,11,1,892
5,11,2,748
5,11,3,680
5,11,4,748
5,11,5,1004
5,12,1,900
5,12,2,752
5,12,3,684
5,12,4,772
5,12,5,1012
5,13,1,908
5,13,2,756
5,13,3,692
5,13,4,756
5,13,5,1012
5,14,1,912
5,14,2,760
5,14,3,692
5,14,4,764
5,14,5,1020
5,15,1,916
5,15,2,764
5,15,3,712
5,15,4,768
5,15,5,1024
5,16,1,920
5,16,2,764
5,16,3,700
5,16,4,772
5,16,5,1024
5,17,1,924
5,17,2,768
5,17,3,704
5,17,4,776
5,17,5,1028
5,18,1,928
5,18,2,772
5,18,3,708
5,18,4,776
5,18,5,1032
5,19,1,928
5,19,2,776
5,19,3,708
5,19,4,780
5,19,5,1032
5,20,1,932
5,20,2,776
5,20,3,712
5,20,4,780
5,20,5,1040
5,21,1,936
5,21,2,780
5,21,3,716
5,21,4,784
5,21,5,1036
5,22,1,940
5,22,2,784
5,22,3,716
5,22,4,784
5,22,5,1040
5,23,1,944
5,23,2,788
5,23,3,732
5,23,4,788
5,23,5,1044
5,24,1,944
5,24,2,788
5,24,3,720
5,24,4,788
5,24,5,1044
5,25,1,944
5,25,2,792
5,25,3,724
5,25,4,792
5,25,5,1048
5,26,1,948
5,26,2,792
5,26,3,728
5,26,4,796
5,26,5,1048
5,27,1,952
5,27,2,796
5,27,3,728
5,27,4,796
5,27,5,1048
5,28,1,948
5,28,2,792
5,28,3,728
5,28,4,796
5,28,5,1048
5,29,1,952
5,29,2,796
5,29,3,728
5,29,4,808
5,29,5,1072
5,30,1,952
5,30,2,796
5,30,3,728
5,30,4,796
5,30,5,1056
5,31,1,952
5,31,2,796
5,31,3,728
5,31,4,796
5,31,5,1048
5,32,1,956
5,32,2,796
5,32,3,728
5,32,4,796
5,32,5,1052
5,33,1,952
5,33,2,796
5,33,3,728
5,33,4,796
5,33,5,1048
5,34,1,956
5,34,2,800
5,34,3,728
5,34,4,796
5,34,5,1048
5,35,1,956
5,35,2,800
5,35,3,728
5,35,4,796
5,35,5,1052
5,36,1,960
5,36,2,800
5,36,3,728
5,36,4,796
5,36,5,1048
5,37,1,964
5,37,2,800
5,37,3,732
5,37,4,800
5,37,5,1052
5,38,1,964
5,38,2,804
5,38,3,732
5,38,4,804
5,38,5,1052
5,39,1,964
5,39,2,804
5,39,3,732
5,39,4,804
5,39,5,1056
5,40,1,972
5,40,2,808
5,40,3,736
5,40,4,808
5,40,5,1056
5,41,1,968
5,41,2,804
5,41,3,736
5,41,4,804
5,41,5,1060
5,42,1,968
5,42,2,808
5,42,3,748
5,42,4,804
5,42,5,1060
5,43,1,968
5,43,2,808
5,43,3,732
5,43,4,800
5,43,5,1052
5,44,1,964
5,44,2,800
5,44,3,728
5,44,4,800
5,44,5,1052
5,45,1,960
5,45,2,800
5,45,3,728
5,45,4,800
5,45,5,1052
5,46,1,960
5,46,2,796
5,46,3,728
5,46,4,796
5,46,5,1052
5,47,1,960
5,47,2,792
5,47,3,724
5,47,4,796
5,47,5,1048
5,48,1,956
5,48,2,796
5,48,3,724
5,48,4,792
5,48,5,1044
5,49,1,956
5,49,2,792
5,49,3,728
5,49,4,792
5,49,5,1044
6,0,1,1080
6,0,2,836
6,0,3,752
6,0,4,816
6,0,5,1064
6,1,1,1080
6,1,2,832
6,1,3,748
6,1,4,816
6,1,5,1064
6,2,1,1076
6,2,2,836
6,2,3,748
6,2,4,820
6,2,5,1084
6,3,1,1076
6,3,2,836
6,3,3,752
6,3,4,820
6,3,5,1064
6,4,1,1080
6,4,2,836
6,4,3,752
6,4,4,816
6,4,5,1064
6,5,1,1080
6,5,2,832
6,5,3,752
6,5,4,816
6,5,5,1064
6,6,1,1080
6,6,2,836
6,6,3,748
6,6,4,816
6,6,5,1060
6,7,1,1080
6,7,2,836
6,7,3,752
6,7,4,816
6,7,5,1084
6,8,1,1080
6,8,2,836
6,8,3,752
6,8,4,816
6,8,5,1068
6,9,1,1080
6,9,2,840
6,9,3,756
6,9,4,832
6,9,5,1064
6,10,1,1080
6,10,2,836
6,10,3,752
6,10,4,824
6,10,5,1064
6,11,1,1076
6,11,2,836
6,11,3,752
6,11,4,820
6,11,5,1068
6,12,1,1076
6,12,2,836
6,12,3,756
6,12,4,820
6,12,5,1088
6,13,1,1100
6,13,2,840
6,13,3,752
6,13,4,820
6,13,5,1064
6,14,1,1080
6,14,2,840
6,14,3,756
6,14,4,820
6,14,5,1068
6,15,1,1080
6,15,2,836
6,15,3,756
6,15,4,820
6,15,5,1068
6,16,1,1080
6,16,2,856
6,16,3,752
6,16,4,820
6,16,5,1064
6,17,1,1080
6,17,2,836
6,17,3,752
6,17,4,820
6,17,5,1064
6,18,1,1080
6,18,2,836
6,18,3,756
6,18,4,820
6,18,5,1068
6,19,1,1080
6,19,2,840
6,19,3,752
6,19,4,820
6,19,5,1064
6,20,1,1080
6,20,2,840
6,20,3,756
6,20,4,820
6,20,5,1068
6,21,1,1080
6,21,2,840
6,21,3,752
6,21,4,820
6,21,5,1068
6,22,1,1080
6,22,2,840
6,22,3,752
6,22,4,820
6,22,5,1064
6,23,1,1076
6,23,2,836
6,23,3,756
6,23,4,820
6,23,5,1068
6,24,1,1080
6,24,2,836
6,24,3,752
6,24,4,816
6,24,5,1064
6,25,1,1084
6,25,2,836
6,25,3,752
6,25,4,824
6,25,5,1064
6,26,1,1080
6,26,2,840
6,26,3,756
6,26,4,820
6,26,5,1064
6,27,1,1080
6,27,2,840
6,27,3,752
6,27,4,820
6,27,5,1064
6,28,1,1080
6,28,2,836
6,28,3,756
6,28,4,820
6,28,5,1068
6,29,1,1080
6,29,2,836
6,29,3,768
6,29,4,820
6,29,5,1068
6,30,1,1080
6,30,2,840
6,30,3,756
6,30,4,820
6,30,5,1064
6,31,1,1080
6,31,2,836
6,31,3,756
6,31,4,816
6,31,5,1068
6,32,1,1080
6,32,2,840
6,32,3,752
6,32,4,820
6,32,5,1068
6,33,1,1080
6,33,2,840
6,33,3,752
6,33,4,820
6,33,5,1064
6,34,1,1104
6,34,2,840
6,34,3,768
6,34,4,820
6,34,5,1064
6,35,1,1080
6,35,2,840
6,35,3,752
6,35,4,820
6,35,5,1068
6,36,1,1084
6,36,2,836
6,36,3,752
6,36,4,820
6,36,5,1068
6,37,1,1084
6,37,2,840
6,37,3,752
6,37,4,820
6,37,5,1064
6,38,1,1080
6,38,2,836
6,38,3,752
6,38,4,816
6,38,5,1064
6,39,1,1080
6,39,2,836
6,39,3,752
6,39,4,816
6,39,5,1068
6,40,1,1080
6,40,2,836
6,40,3,752
6,40,4,816
6,40,5,1064
6,41,1,1080
6,41,2,832
6,41,3,752
6,41,4,820
6,41,5,1072
6,42,1,1080
6,42,2,836
6,42,3,752
6,42,4,812
6,42,5,1068
6,43,1,1080
6,43,2,836
6,43,3,752
6,43,4,820
6,43,5,1064
6,44,1,1080
6,44,2,836
6,44,3,756
6,44,4,820
6,44,5,1064
6,45,1,1084
6,45,2,836
6,45,3,752
6,45,4,816
6,45,5,1068
6,46,1,1080
6,46,2,832
6,46,3,752
6,46,4,820
6,46,5,1064
6,47,1,1076
6,47,2,836
6,47,3,752
6,47,4,820
6,47,5,1064
6,48,1,1080
6,48,2,840
6,48,3,752
6,48,4,820
6,48,5,1064
6,49,1,1080
6,49,2,840
6,49,3,752
6,49,4,820
6,49,5,1060
7,0,1,1044
7,0,2,792
7,0,3,700
7,0,4,776
7,0,5,1032
7,1,1,1044
7,1,2,796
7,1,3,700
7,1,4,772
7,1,5,1028
7,2,1,1040
7,2,2,792
7,2,3,700
7,2,4,772
7,2,5,1032
7,3,1,1040
7,3,2,792
7,3,3,700
7,3,4,772
7,3,5,1032
7,4,1,1040
7,4,2,792
7,4,3,700
7,4,4,772
7,4,5,1032
7,5,1,1040
7,5,2,792
7,5,3,700
7,5,4,776
7,5,5,1032
7,6,1,1040
7,6,2,792
7,6,3,700
7,6,4,776
7,6,5,1032
7,7,1,1040
7,7,2,792
7,7,3,700
7,7,4,776
7,7,5,1032
7,8,1,1044
7,8,2,792
7,8,3,700
7,8,4,776
7,8,5,1032
7,9,1,1044
7,9,2,796
7,9,3,700
7,9,4,772
7,9,5,1036
7,10,1,1044
7,10,2,796
7,10,3,696
7,10,4,772
7,10,5,1032
7,11,1,1044
7,11,2,792
7,11,3,696
7,11,4,772
7,11,5,1032
7,12,1,1044
7,12,2,796
7,12,3,700
7,12,4,772
7,12,5,1032
7,13,1,1040
7,13,2,792
7,13,3,700
7,13,4,776
7,13,5,1032
7,14,1,1044
7,14,2,796
7,14,3,704
7,14,4,772
7,14,5,1028
7,15,1,1044
7,15,2,796
7,15,3,700
7,15,4,772
7,15,5,1032
7,16,1,1044
7,16,2,796
7,16,3,700
7,16,4,772
7,16,5,1036
7,17,1,1044
7,17,2,796
7,17,3,700
7,17,4,776
7,17,5,1032
7,18,1,1044
7,18,2,792
7,18,3,696
7,18,4,772
7,18,5,1032
7,19,1,1044
7,19,2,792
7,19,3,696
7,19,4,772
7,19,5,1032
7,20,1,1044
7,20,2,792
7,20,3,704
7,20,4,772
7,20,5,1036
7,21,1,1044
7,21,2,792
7,21,3,700
7,21,4,776
7,21,5,1024
7,22,1,1044
7,22,2,796
7,22,3,700
7,22,4,772
7,22,5,1032
7,23,1,1044
7,23,2,796
7,23,3,704
7,23,4,776
7,23,5,1036
7,24,1,1048
7,24,2,796
7,24,3,700
7,24,4,776
7,24,5,1032
7,25,1,1044
7,25,2,796
7,25,3,700
7,25,4,772
7,25,5,1032
7,26,1,1044
7,26,2,796
7,26,3,700
7,26,4,776
7,26,5,1036
7,27,1,1048
7,27,2,796
7,27,3,700
7,27,4,788
7,27,5,1032
7,28,1,1044
7,28,2,796
7,28,3,704
7,28,4,780
7,28,5,1032
7,29,1,1044
7,29,2,796
7,29,3,704
7,29,4,776
7,29,5,1032
7,30,1,1044
7,30,2,792
7,30,3,700
7,30,4,776
7,30,5,1032
7,31,1,1044
7,31,2,796
7,31,3,704
7,31,4,772
7,31,5,1032
7,32,1,1044
7,32,2,796
7,32,3,700
7,32,4,772
7,32,5,1032
7,33,1,1044
7,33,2,792
7,33,3,700
7,33,4,772
7,33,5,1036
7,34,1,1044
7,34,2,796
7,34,3,696
7,34,4,776
7,34,5,1032
7,35,1,1044
7,35,2,792
7,35,3,704
7,35,4,788
7,35,5,1032
7,36,1,1048
7,36,2,796
7,36,3,700
7,36,4,792
7,36,5,1036
7,37,1,1044
7,37,2,796
7,37,3,700
7,37,4,788
7,37,5,1036
7,38,1,1044
7,38,2,792
7,38,3,700
7,38,4,792
7,38,5,1036
7,39,1,1044
7,39,2,792
7,39,3,700
7,39,4,792
7,39,5,1036
7,40,1,1044
7,40,2,796
7,40,3,704
7,40,4,788
7,40,5,1032
7,41,1,1044
7,41,2,792
7,41,3,700
7,41,4,788
7,41,5,1032
7,42,1,1048
7,42,2,796
7,42,3,700
7,42,4,792
7,42,5,1036
7,43,1,1044
7,43,2,800
7,43,3,700
7,43,4,776
7,43,5,1032
7,44,1,1048
7,44,2,788
7,44,3,700
7,44,4,788
7,44,5,1032
7,45,1,1048
7,45,2,796
7,45,3,700
7,45,4,792
7,45,5,1036
7,46,1,1048
7,46,2,796
7,46,3,700
7,46,4,792
7,46,5,1036
7,47,1,1044
7,47,2,796
7,47,3,700
7,47,4,792
7,47,5,1032
7,48,1,1048
7,48,2,796
7,48,3,700
7,48,4,788
7,48,5,1036
7,49,1,1048
7,49,2,796
7,49,3,700
7,49,4,792
7,49,5,1032
8,0,1,1088
8,0,2,844
8,0,3,740
8,0,4,812
8,0,5,1068
8,1,1,1084
8,1,2,840
8,1,3,740
8,1,4,812
8,1,5,1068
8,2,1,1088
8,2,2,844
8,2,3,740
8,2,4,812
8,2,5,1064
8,3,1,1088
8,3,2,844
8,3,3,744
8,3,4,816
8,3,5,1064
8,4,1,1088
8,4,2,844
8,4,3,740
8,4,4,816
8,4,5,1064
8,5,1,1084
8,5,2,844
8,5,3,744
8,5,4,816
8,5,5,1068
8,6,1,1088
8,6,2,844
8,6,3,744
8,6,4,816
8,6,5,1068
8,7,1,1088
8,7,2,844
8,7,3,740
8,7,4,816
8,7,5,1084
8,8,1,1088
8,8,2,844
8,8,3,744
8,8,4,816
8,8,5,1064
8,9,1,1088
8,9,2,844
8,9,3,740
8,9,4,816
8,9,5,1068
8,10,1,1088
8,10,2,844
8,10,3,744
8,10,4,820
8,10,5,1068
8,11,1,1088
8,11,2,844
8,11,3,744
8,11,4,816
8,11,5,1068
8,12,1,1088
8,12,2,844
8,12,3,744
8,12,4,816
8,12,5,1064
8,13,1,1088
8,13,2,848
8,13,3,744
8,13,4,820
8,13,5,1068
8,14,1,1088
8,14,2,844
8,14,3,744
8,14,4,816
8,14,5,1068
8,15,1,1092
8,15,2,844
8,15,3,744
8,15,4,812
8,15,5,1092
8,16,1,1088
8,16,2,848
8,16,3,736
8,16,4,816
8,16,5,1068
8,17,1,1088
8,17,2,844
8,17,3,744
8,17,4,816
8,17,5,1068
8,18,1,1088
8,18,2,844
8,18,3,740
8,18,4,816
8,18,5,1068
8,19,1,1088
8,19,2,844
8,19,3,744
8,19,4,816
8,19,5,1068
8,20,1,1088
8,20,2,844
8,20,3,744
8,20,4,816
8,20,5,1068
8,21,1,1092
8,21,2,844
8,21,3,744
8,21,4,816
8,21,5,1068
8,22,1,1088
8,22,2,844
8,22,3,744
8,22,4,816
8,22,5,1068
8,23,1,1092
8,23,2,844
8,23,3,744
8,23,4,820
8,23,5,1092
8,24,1,1088
8,24,2,848
8,24,3,756
8,24,4,816
8,24,5,1068
8,25,1,1084
8,25,2,844
8,25,3,744
8,25,4,820
8,25,5,1068
8,26,1,1088
8,26,2,840
8,26,3,744
8,26,4,816
8,26,5,1072
8,27,1,1088
8,27,2,844
8,27,3,744
8,27,4,816
8,27,5,1064
8,28,1,1088
8,28,2,844
8,28,3,744
8,28,4,816
8,28,5,1072
8,29,1,1088
8,29,2,844
8,29,3,744
8,29,4,816
8,29,5,1072
8,30,1,1084
8,30,2,844
8,30,3,744
8,30,4,820
8,30,5,1068
8,31,1,1092
8,31,2,848
8,31,3,744
8,31,4,816
8,31,5,1064
8,32,1,1092
8,32,2,844
8,32,3,748
8,32,4,816
8,32,5,1072
8,33,1,1088
8,33,2,844
8,33,3,744
8,33,4,816
8,33,5,1068
8,34,1,1088
8,34,2,844
8,34,3,744
8,34,4,820
8,34,5,1072
8,35,1,1092
8,35,2,844
8,35,3,756
8,35,4,816
8,35,5,1068
8,36,1,1088
8,36,2,848
8,36,3,744
8,36,4,816
8,36,5,1068
8,37,1,1088
8,37,2,844
8,37,3,744
8,37,4,832
8,37,5,1072
8,38,1,1088
8,38,2,848
8,38,3,744
8,38,4,820
8,38,5,1068
8,39,1,1088
8,39,2,844
8,39,3,744
8,39,4,820
8,39,5,1072
8,40,1,1088
8,40,2,844
8,40,3,744
8,40,4,816
8,40,5,1068
8,41,1,1088
8,41,2,848
8,41,3,744
8,41,4,820
8,41,5,1068
8,42,1,1088
8,42,2,848
8,42,3,744
8,42,4,816
8,42,5,1068
8,43,1,1088
8,43,2,844
8,43,3,744
8,43,4,820
8,43,5,1076
8,44,1,1088
8,44,2,848
8,44,3,740
8,44,4,816
8,44,5,1068
8,45,1,1092
8,45,2,848
8,45,3,744
8,45,4,820
8,45,5,1068
8,46,1,1096
8,46,2,844
8,46,3,740
8,46,4,816
8,46,5,1068
8,47,1,1092
8,47,2,848
8,47,3,744
8,47,4,820
8,47,5,1072
8,48,1,1088
8,48,2,848
8,48,3,744
8,48,4,832
8,48,5,1092
8,49,1,1092
8,49,2,860
8,49,3,744
8,49,4,816
8,49,5,1072
9,0,1,1168
9,0,2,936
9,0,3,820
9,0,4,908
9,0,5,1168
9,1,1,1164
9,1,2,936
9,1,3,820
9,1,4,912
9,1,5,1164
9,2,1,1168
9,2,2,936
9,2,3,840
9,2,4,912
9,2,5,1168
9,3,1,1164
9,3,2,936
9,3,3,824
9,3,4,916
9,3,5,1168
9,4,1,1164
9,4,2,936
9,4,3,820
9,4,4,912
9,4,5,1168
9,5,1,1164
9,5,2,940
9,5,3,824
9,5,4,916
9,5,5,1168
9,6,1,1164
9,6,2,940
9,6,3,820
9,6,4,912
9,6,5,1168
9,7,1,1168
9,7,2,940
9,7,3,824
9,7,4,916
9,7,5,1172
9,8,1,1164
9,8,2,940
9,8,3,824
9,8,4,916
9,8,5,1168
9,9,1,1168
9,9,2,940
9,9,3,824
9,9,4,916
9,9,5,1168
9,10,1,1164
9,10,2,936
9,10,3,824
9,10,4,916
9,10,5,1192
9,11,1,1168
9,11,2,940
9,11,3,824
9,11,4,916
9,11,5,1168
9,12,1,1168
9,12,2,940
9,12,3,820
9,12,4,912
9,12,5,1168
9,13,1,1172
9,13,2,940
9,13,3,824
9,13,4,916
9,13,5,1168
9,14,1,1164
9,14,2,940
9,14,3,824
9,14,4,916
9,14,5,1172
9,15,1,1168
9,15,2,944
9,15,3,824
9,15,4,912
9,15,5,1172
9,16,1,1168
9,16,2,944
9,16,3,824
9,16,4,912
9,16,5,1172
9,17,1,1172
9,17,2,940
9,17,3,824
9,17,4,912
9,17,5,1168
9,18,1,1172
9,18,2,940
9,18,3,824
9,18,4,916
9,18,5,1168
9,19,1,1168
9,19,2,940
9,19,3,824
9,19,4,916
9,19,5,1172
9,20,1,1168
9,20,2,940
9,20,3,824
9,20,4,912
9,20,5,1168
9,21,1,1168
9,21,2,940
9,21,3,824
9,21,4,912
9,21,5,1168
9,22,1,1168
9,22,2,936
9,22,3,824
9,22,4,916
9,22,5,1168
9,23,1,1168
9,23,2,940
9,23,3,824
9,23,4,912
9,23,5,1168
9,24,1,1168
9,24,2,940
9,24,3,824
9,24,4,912
9,24,5,1172
9,25,1,1168
9,25,2,944
9,25,3,824
9,25,4,912
9,25,5,1172
9,26,1,1172
9,26,2,940
9,26,3,824
9,26,4,916
9,26,5,1168
9,27,1,1168
9,27,2,940
9,27,3,824
9,27,4,916
9,27,5,1172
9,28,1,1168
9,28,2,944
9,28,3,824
9,28,4,916
9,28,5,1172
9,29,1,1168
9,29,2,940
9,29,3,824
9,29,4,916
9,29,5,1168
9,30,1,1168
9,30,2,944
9,30,3,824
9,30,4,912
9,30,5,1172
9,31,1,1168
9,31,2,940
9,31,3,824
9,31,4,916
9,31,5,1172
9,32,1,1168
9,32,2,940
9,32,3,824
9,32,4,916
9,32,5,1172
9,33,1,1168
9,33,2,944
9,33,3,824
9,33,4,916
9,33,5,1168
9,34,1,1192
9,34,2,944
9,34,3,824
9,34,4,916
9,34,5,1168
9,35,1,1168
9,35,2,944
9,35,3,824
9,35,4,916
9,35,5,1168
9,36,1,1168
9,36,2,940
9,36,3,824
9,36,4,916
9,36,5,1172
9,37,1,1168
9,37,2,940
9,37,3,824
9,37,4,916
9,37,5,1196
9,38,1,1168
9,38,2,944
9,38,3,828
9,38,4,916
9,38,5,1172
9,39,1,1172
9,39,2,944
9,39,3,828
9,39,4,916
9,39,5,1172
9,40,1,1172
9,40,2,944
9,40,3,824
9,40,4,916
9,40,5,1172
9,41,1,1168
9,41,2,944
9,41,3,828
9,41,4,916
9,41,5,1172
9,42,1,1172
9,42,2,940
9,42,3,824
9,42,4,916
9,42,5,1168
9,43,1,1168
9,43,2,944
9,43,3,824
9,43,4,912
9,43,5,1172
9,44,1,1168
9,44,2,940
9,44,3,824
9,44,4,916
9,44,5,1172
9,45,1,1168
9,45,2,944
9,45,3,824
9,45,4,916
9,45,5,1172
9,46,1,1168
9,46,2,940
9,46,3,828
9,46,4,916
9,46,5,1172
9,47,1,1168
9,47,2,940
9,47,3,824
9,47,4,916
9,47,5,1172
9,48,1,1192
9,48,2,940
9,48,3,824
9,48,4,916
9,48,5,1168
9,49,1,1168
9,49,2,940
9,49,3,824
9,49,4,916
9,49,5,1172
10,0,1,1248
10,0,2,1032
10,0,3,908
10,0,4,1004
10,0,5,1272
10,1,1,1248
10,1,2,1032
10,1,3,908
10,1,4,1000
10,1,5,1268
10,2,1,1248
10,2,2,1036
10,2,3,908
10,2,4,1000
10,2,5,1268
10,3,1,1252
10,3,2,1036
10,3,3,908
10,3,4,1004
10,3,5,1268
10,4,1,1248
10,4,2,1036
10,4,3,908
10,4,4,1004
10,4,5,1268
10,5,1,1248
10,5,2,1036
10,5,3,908
10,5,4,1000
10,5,5,1272
10,6,1,1244
10,6,2,1036
10,6,3,908
10,6,4,1004
10,6,5,1268
10,7,1,1248
10,7,2,1036
10,7,3,908
10,7,4,1008
10,7,5,1268
10,8,1,1248
10,8,2,1056
10,8,3,908
10,8,4,1004
10,8,5,1268
10,9,1,1248
10,9,2,1036
10,9,3,908
10,9,4,1008
10,9,5,1268
10,10,1,1248
10,10,2,1040
10,10,3,908
10,10,4,1000
10,10,5,1268
10,11,1,1244
10,11,2,1036
10,11,3,908
10,11,4,1000
10,11,5,1268
10,12,1,1248
10,12,2,1032
10,12,3,908
10,12,4,1008
10,12,5,1272
10,13,1,1252
10,13,2,1036
10,13,3,908
10,13,4,1004
10,13,5,1268
10,14,1,1248
10,14,2,1032
10,14,3,908
10,14,4,1004
10,14,5,1272
10,15,1,1248
10,15,2,1032
10,15,3,908
10,15,4,1008
10,15,5,1268
10,16,1,1248
10,16,2,1036
10,16,3,908
10,16,4,1000
10,16,5,1272
10,17,1,1248
10,17,2,1032
10,17,3,912
10,17,4,1004
10,17,5,1268
10,18,1,1248
10,18,2,1036
10,18,3,912
10,18,4,1004
10,18,5,1268
10,19,1,1244
10,19,2,1036
10,19,3,912
10,19,4,1004
10,19,5,1268
10,20,1,1248
10,20,2,1032
10,20,3,908
10,20,4,1004
10,20,5,1300
10,21,1,1244
10,21,2,1036
10,21,3,908
10,21,4,1000
10,21,5,1272
10,22,1,1248
10,22,2,1032
10,22,3,908
10,22,4,1008
10,22,5,1268
10,23,1,1244
10,23,2,1036
10,23,3,908
10,23,4,1004
10,23,5,1268
10,24,1,1244
10,24,2,1032
10,24,3,908
10,24,4,1004
10,24,5,1272
10,25,1,1248
10,25,2,1032
10,25,3,912
10,25,4,1004
10,25,5,1268
10,26,1,1248
10,26,2,1032
10,26,3,924
10,26,4,1004
10,26,5,1268
10,27,1,1244
10,27,2,1032
10,27,3,912
10,27,4,1004
10,27,5,1268
10,28,1,1244
10,28,2,1032
10,28,3,912
10,28,4,1004
10,28,5,1268
10,29,1,1248
10,29,2,1036
10,29,3,908
10,29,4,1004
10,29,5,1268
10,30,1,1244
10,30,2,1032
10,30,3,908
10,30,4,1004
10,30,5,1268
10,31,1,1244
10,31,2,1036
10,31,3,908
10,31,4,1004
10,31,5,1268
10,32,1,1248
10,32,2,1036
10,32,3,908
10,32,4,1000
10,32,5,1268
10,33,1,1248
10,33,2,1032
10,33,3,908
10,33,4,1004
10,33,5,1296
10,34,1,1244
10,34,2,1032
10,34,3,908
10,34,4,1008
10,34,5,1268
10,35,1,1244
10,35,2,1036
10,35,3,908
10,35,4,1004
10,35,5,1268
10,36,1,1244
10,36,2,1032
10,36,3,908
10,36,4,1004
10,36,5,1268
10,37,1,1248
10,37,2,1032
10,37,3,908
10,37,4,1000
10,37,5,1268
10,38,1,1248
10,38,2,1032
10,38,3,908
10,38,4,1004
10,38,5,1264
10,39,1,1248
10,39,2,1032
10,39,3,908
10,39,4,1004
10,39,5,1268
10,40,1,1244
10,40,2,1036
10,40,3,908
10,40,4,1000
10,40,5,1268
10,41,1,1244
10,41,2,1032
10,41,3,908
10,41,4,1004
10,41,5,1272
10,42,1,1244
10,42,2,1028
10,42,3,908
10,42,4,1004
10,42,5,1272
10,43,1,1252
10,43,2,1032
10,43,3,912
10,43,4,1004
10,43,5,1268
10,44,1,1244
10,44,2,1032
10,44,3,912
10,44,4,1004
10,44,5,1268
10,45,1,1248
10,45,2,1032
10,45,3,908
10,45,4,1004
10,45,5,1268
10,46,1,1248
10,46,2,1032
10,46,3,908
10,46,4,1000
10,46,5,1272
10,47,1,1244
10,47,2,1032
10,47,3,908
10,47,4,1004
10,47,5,1264
10,48,1,1248
10,48,2,1032
10,48,3,908
10,48,4,1000
10,48,5,1272
10,49,1,1244
10,49,2,1032
10,49,3,908
10,49,4,1000
10,49,5,1264
11,0,1,1584
11,0,2,1424
11,0,3,1280
11,0,4,1392
11,0,5,1664
11,1,1,1584
11,1,2,1424
11,1,3,1308
11,1,4,1392
11,1,5,1664
11,2,1,1580
11,2,2,1428
11,2,3,1284
11,2,4,1392
11,2,5,1660
11,3,1,1616
11,3,2,1428
11,3,3,1284
11,3,4,1392
11,3,5,1660
11,4,1,1584
11,4,2,1428
11,4,3,1288
11,4,4,1396
11,4,5,1664
11,5,1,1584
11,5,2,1432
11,5,3,1288
11,5,4,1392
11,5,5,1664
11,6,1,1588
11,6,2,1428
11,6,3,1284
11,6,4,1396
11,6,5,1664
11,7,1,1588
11,7,2,1432
11,7,3,1284
11,7,4,1392
11,7,5,1664
11,8,1,1584
11,8,2,1428
11,8,3,1284
11,8,4,1396
11,8,5,1668
11,9,1,1588
11,9,2,1432
11,9,3,1288
11,9,4,1392
11,9,5,1664
11,10,1,1588
11,10,2,1432
11,10,3,1288
11,10,4,1396
11,10,5,1668
11,11,1,1588
11,11,2,1432
11,11,3,1284
11,11,4,1396
11,11,5,1668
11,12,1,1584
11,12,2,1428
11,12,3,1292
11,12,4,1396
11,12,5,1664
11,13,1,1584
11,13,2,1428
11,13,3,1288
11,13,4,1396
11,13,5,1668
11,14,1,1588
11,14,2,1432
11,14,3,1284
11,14,4,1396
11,14,5,1668
11,15,1,1616
11,15,2,1432
11,15,3,1292
11,15,4,1396
11,15,5,1672
11,16,1,1588
11,16,2,1432
11,16,3,1288
11,16,4,1396
11,16,5,1668
11,17,1,1588
11,17,2,1432
11,17,3,1288
11,17,4,1400
11,17,5,1668
11,18,1,1592
11,18,2,1436
11,18,3,1288
11,18,4,1396
11,18,5,1668
11,19,1,1588
11,19,2,1436
11,19,3,1288
11,19,4,1400
11,19,5,1672
11,20,1,1592
11,20,2,1436
11,20,3,1288
11,20,4,1400
11,20,5,1668
11,21,1,1588
11,21,2,1436
11,21,3,1288
11,21,4,1400
11,21,5,1668
11,22,1,1588
11,22,2,1436
11,22,3,1288
11,22,4,1400
11,22,5,1664
11,23,1,1588
11,23,2,1436
11,23,3,1292
11,23,4,1396
11,23,5,1668
11,24,1,1588
11,24,2,1440
11,24,3,1288
11,24,4,1400
11,24,5,1672
11,25,1,1596
11,25,2,1436
11,25,3,1288
11,25,4,1400
11,25,5,1672
11,26,1,1592
11,26,2,1436
11,26,3,1320
11,26,4,1404
11,26,5,1672
11,27,1,1592
11,27,2,1440
11,27,3,1296
11,27,4,1404
11,27,5,1676
11,28,1,1596
11,28,2,1444
11,28,3,1292
11,28,4,1404
11,28,5,1676
11,29,1,1592
11,29,2,1440
11,29,3,1300
11,29,4,1408
11,29,5,1680
11,30,1,1596
11,30,2,1440
11,30,3,1300
11,30,4,1408
11,30,5,1716
11,31,1,1596
11,31,2,1448
11,31,3,1296
11,31,4,1408
11,31,5,1676
11,32,1,1596
11,32,2,1444
11,32,3,1304
11,32,4,1412
11,32,5,1676
11,33,1,1600
11,33,2,1448
11,33,3,1304
11,33,4,1408
11,33,5,1680
11,34,1,1600
11,34,2,1444
11,34,3,1308
11,34,4,1412
11,34,5,1680
11,35,1,1628
11,35,2,1444
11,35,3,1304
11,35,4,1416
11,35,5,1720
11,36,1,1600
11,36,2,1448
11,36,3,1308
11,36,4,1420
11,36,5,1684
11,37,1,1600
11,37,2,1452
11,37,3,1308
11,37,4,1416
11,37,5,1684
11,38,1,1600
11,38,2,1452
11,38,3,1308
11,38,4,1420
11,38,5,1692
11,39,1,1604
11,39,2,1452
11,39,3,1312
11,39,4,1416
11,39,5,1688
11,40,1,1600
11,40,2,1452
11,40,3,1312
11,40,4,1420
11,40,5,1688
11,41,1,1604
11,41,2,1456
11,41,3,1312
11,41,4,1420
11,41,5,1692
11,42,1,1604
11,42,2,1456
11,42,3,1316
11,42,4,1416
11,42,5,1692
11,43,1,1600
11,43,2,1456
11,43,3,1312
11,43,4,1420
11,43,5,1688
11,44,1,1608
11,44,2,1456
11,44,3,1316
11,44,4,1420
11,44,5,1696
11,45,1,1604
11,45,2,1456
11,45,3,1312
11,45,4,1420
11,45,5,1692
11,46,1,1608
11,46,2,1452
11,46,3,1316
11,46,4,1420
11,46,5,1692
11,47,1,1604
11,47,2,1456
11,47,3,1312
11,47,4,1424
11,47,5,1696
11,48,1,1632
11,48,2,1460
11,48,3,1316
11,48,4,1452
11,48,5,1692
11,49,1,1612
11,49,2,1456
11,49,3,1316
11,49,4,1420
11,49,5,1692
12,0,1,1764
12,0,2,1728
12,0,3,1580
12,0,4,1692
12,0,5,1928
12,1,1,1764
12,1,2,1732
12,1,3,1580
12,1,4,1692
12,1,5,1932
12,2,1,1764
12,2,2,1728
12,2,3,1580
12,2,4,1692
12,2,5,1932
12,3,1,1764
12,3,2,1728
12,3,3,1584
12,3,4,1696
12,3,5,1936
12,4,1,1768
12,4,2,1728
12,4,3,1580
12,4,4,1696
12,4,5,1932
12,5,1,1764
12,5,2,1732
12,5,3,1580
12,5,4,1696
12,5,5,1936
12,6,1,1764
12,6,2,1736
12,6,3,1580
12,6,4,1696
12,6,5,1932
12,7,1,1764
12,7,2,1768
12,7,3,1584
12,7,4,1696
12,7,5,1936
12,8,1,1764
12,8,2,1732
12,8,3,1584
12,8,4,1700
12,8,5,1932
12,9,1,1764
12,9,2,1732
12,9,3,1584
12,9,4,1696
12,9,5,1932
12,10,1,1768
12,10,2,1736
12,10,3,1580
12,10,4,1692
12,10,5,1932
12,11,1,1768
12,11,2,1732
12,11,3,1580
12,11,4,1696
12,11,5,1936
12,12,1,1768
12,12,2,1732
12,12,3,1580
12,12,4,1696
12,12,5,1932
12,13,1,1768
12,13,2,1732
12,13,3,1584
12,13,4,1732
12,13,5,1936
12,14,1,1768
12,14,2,1736
12,14,3,1584
12,14,4,1700
12,14,5,1932
12,15,1,1768
12,15,2,1732
12,15,3,1584
12,15,4,1696
12,15,5,1932
12,16,1,1768
12,16,2,1736
12,16,3,1584
12,16,4,1696
12,16,5,1932
12,17,1,1768
12,17,2,1736
12,17,3,1584
12,17,4,1696
12,17,5,1980
12,18,1,1772
12,18,2,1732
12,18,3,1588
12,18,4,1696
12,18,5,1932
12,19,1,1768
12,19,2,1736
12,19,3,1584
12,19,4,1700
12,19,5,1936
12,20,1,1768
12,20,2,1736
12,20,3,1584
12,20,4,1696
12,20,5,1936
12,21,1,1768
12,21,2,1736
12,21,3,1588
12,21,4,1696
12,21,5,1932
12,22,1,1772
12,22,2,1732
12,22,3,1584
12,22,4,1700
12,22,5,1936
12,23,1,1768
12,23,2,1736
12,23,3,1588
12,23,4,1700
12,23,5,1936
12,24,1,1772
12,24,2,1772
12,24,3,1588
12,24,4,1700
12,24,5,1936
12,25,1,1768
12,25,2,1768
12,25,3,1588
12,25,4,1700
12,25,5,1936
12,26,1,1772
12,26,2,1772
12,26,3,1584
12,26,4,1700
12,26,5,1936
12,27,1,1768
12,27,2,1772
12,27,3,1584
12,27,4,1700
12,27,5,1936
12,28,1,1768
12,28,2,1772
12,28,3,1588
12,28,4,1700
12,28,5,1936
12,29,1,1772
12,29,2,1736
12,29,3,1588
12,29,4,1696
12,29,5,1936
12,30,1,1768
12,30,2,1728
12,30,3,1584
12,30,4,1700
12,30,5,1936
12,31,1,1772
12,31,2,1736
12,31,3,1584
12,31,4,1696
12,31,5,1940
12,32,1,1772
12,32,2,1736
12,32,3,1588
12,32,4,1704
12,32,5,1936
12,33,1,1764
12,33,2,1732
12,33,3,1584
12,33,4,1704
12,33,5,1936
12,34,1,1776
12,34,2,1736
12,34,3,1588
12,34,4,1700
12,34,5,1940
12,35,1,1768
12,35,2,1732
12,35,3,1588
12,35,4,1700
12,35,5,1984
12,36,1,1772
12,36,2,1736
12,36,3,1588
12,36,4,1700
12,36,5,1940
12,37,1,1808
12,37,2,1736
12,37,3,1584
12,37,4,1700
12,37,5,1944
12,38,1,1768
12,38,2,1732
12,38,3,1584
12,38,4,1700
12,38,5,1940
12,39,1,1768
12,39,2,1736
12,39,3,1588
12,39,4,1696
12,39,5,1940
12,40,1,1772
12,40,2,1736
12,40,3,1588
12,40,4,1700
12,40,5,1944
12,41,1,1772
12,41,2,1736
12,41,3,1588
12,41,4,1700
12,41,5,1936
12,42,1,1804
12,42,2,1732
12,42,3,1588
12,42,4,1700
12,42,5,1936
12,43,1,1800
12,43,2,1732
12,43,3,1584
12,43,4,1700
12,43,5,1936
12,44,1,1764
12,44,2,1732
12,44,3,1588
12,44,4,1696
12,44,5,1984
12,45,1,1768
12,45,2,1736
12,45,3,1588
12,45,4,1696
12,45,5,1940
12,46,1,1768
12,46,2,1736
12,46,3,1584
12,46,4,1696
12,46,5,1980
12,47,1,1768
12,47,2,1732
12,47,3,1588
12,47,4,1700
12,47,5,1940
12,48,1,1804
12,48,2,1736
12,48,3,1588
12,48,4,1700
12,48,5,1940
12,49,1,1768
12,49,2,1736
12,49,3,1588
12,49,4,1700
12,49,5,2000
13,0,1,1808
13,0,2,1708
13,0,3,1560
13,0,4,1696
13,0,5,1976
13,1,1,1808
13,1,2,1712
13,1,3,1560
13,1,4,1692
13,1,5,1980
13,2,1,1808
13,2,2,1712
13,2,3,1564
13,2,4,1696
13,2,5,1980
13,3,1,1844
13,3,2,1708
13,3,3,1564
13,3,4,1696
13,3,5,1976
13,4,1,1816
13,4,2,1708
13,4,3,1564
13,4,4,1696
13,4,5,1984
13,5,1,1816
13,5,2,1712
13,5,3,1568
13,5,4,1700
13,5,5,1980
13,6,1,1816
13,6,2,1704
13,6,3,1568
13,6,4,1696
13,6,5,1984
13,7,1,1812
13,7,2,1716
13,7,3,1568
13,7,4,1700
13,7,5,1976
13,8,1,1816
13,8,2,1712
13,8,3,1568
13,8,4,1696
13,8,5,1980
13,9,1,1816
13,9,2,1712
13,9,3,1564
13,9,4,1696
13,9,5,1980
13,10,1,1808
13,10,2,1712
13,10,3,1568
13,10,4,1696
13,10,5,1972
13,11,1,1812
13,11,2,1708
13,11,3,1560
13,11,4,1696
13,11,5,1980
13,12,1,1808
13,12,2,1708
13,12,3,1564
13,12,4,1696
13,12,5,1980
13,13,1,1812
13,13,2,1708
13,13,3,1564
13,13,4,1696
13,13,5,1980
13,14,1,1808
13,14,2,1712
13,14,3,1568
13,14,4,1696
13,14,5,1972
13,15,1,1816
13,15,2,1708
13,15,3,1564
13,15,4,1692
13,15,5,1972
13,16,1,1812
13,16,2,1708
13,16,3,1564
13,16,4,1696
13,16,5,1972
13,17,1,1808
13,17,2,1708
13,17,3,1560
13,17,4,1692
13,17,5,1968
13,18,1,1812
13,18,2,1704
13,18,3,1560
13,18,4,1692
13,18,5,1968
13,19,1,1804
13,19,2,1704
13,19,3,1588
13,19,4,1692
13,19,5,1964
13,20,1,1804
13,20,2,1704
13,20,3,1588
13,20,4,1692
13,20,5,1968
13,21,1,1804
13,21,2,1700
13,21,3,1552
13,21,4,1688
13,21,5,1968
13,22,1,1804
13,22,2,1700
13,22,3,1556
13,22,4,1688
13,22,5,1960
13,23,1,1804
13,23,2,1700
13,23,3,1552
13,23,4,1688
13,23,5,1968
13,24,1,1808
13,24,2,1700
13,24,3,1556
13,24,4,1688
13,24,5,1968
13,25,1,1808
13,25,2,1700
13,25,3,1556
13,25,4,1688
13,25,5,1968
13,26,1,1804
13,26,2,1700
13,26,3,1556
13,26,4,1688
13,26,5,1976
13,27,1,1800
13,27,2,1700
13,27,3,1556
13,27,4,1688
13,27,5,2012
13,28,1,1800
13,28,2,1704
13,28,3,1552
13,28,4,1692
13,28,5,1968
13,29,1,1836
13,29,2,1700
13,29,3,1556
13,29,4,1696
13,29,5,1968
13,30,1,1808
13,30,2,1708
13,30,3,1564
13,30,4,1696
13,30,5,1976
13,31,1,1808
13,31,2,1708
13,31,3,1560
13,31,4,1692
13,31,5,1984
13,32,1,1796
13,32,2,1700
13,32,3,1552
13,32,4,1688
13,32,5,1976
13,33,1,1792
13,33,2,1688
13,33,3,1544
13,33,4,1680
13,33,5,1976
13,34,1,1788
13,34,2,1692
13,34,3,1544
13,34,4,1680
13,34,5,1976
13,35,1,1796
13,35,2,1732
13,35,3,1544
13,35,4,1684
13,35,5,2016
13,36,1,1792
13,36,2,1692
13,36,3,1544
13,36,4,1680
13,36,5,1972
13,37,1,1796
13,37,2,1696
13,37,3,1544
13,37,4,1684
13,37,5,1976
13,38,1,1792
13,38,2,1696
13,38,3,1548
13,38,4,1684
13,38,5,1972
13,39,1,1796
13,39,2,1696
13,39,3,1556
13,39,4,1688
13,39,5,1980
13,40,1,1808
13,40,2,1704
13,40,3,1556
13,40,4,1688
13,40,5,1980
13,41,1,1800
13,41,2,1704
13,41,3,1556
13,41,4,1692
13,41,5,1980
13,42,1,1800
13,42,2,1700
13,42,3,1552
13,42,4,1696
13,42,5,1984
13,43,1,1804
13,43,2,1708
13,43,3,1556
13,43,4,1696
13,43,5,1988
13,44,1,1804
13,44,2,1708
13,44,3,1560
13,44,4,1696
13,44,5,1984
13,45,1,1808
13,45,2,1708
13,45,3,1560
13,45,4,1696
13,45,5,1984
13,46,1,1812
13,46,2,1712
13,46,3,1564
13,46,4,1700
13,46,5,1984
13,47,1,1808
13,47,2,1712
13,47,3,1564
13,47,4,1700
13,47,5,1988
13,48,1,1812
13,48,2,1716
13,48,3,1568
13,48,4,1700
13,48,5,1988
13,49,1,1812
13,49,2,1716
13,49,3,1600
13,49,4,1704
13,49,5,1992
14,0,1,1840
14,0,2,1732
14,0,3,1564
14,0,4,1724
14,0,5,2028
14,1,1,1844
14,1,2,1736
14,1,3,1564
14,1,4,1728
14,1,5,2020
14,2,1,1836
14,2,2,1728
14,2,3,1564
14,2,4,1724
14,2,5,2032
14,3,1,1840
14,3,2,1732
14,3,3,1564
14,3,4,1728
14,3,5,2028
14,4,1,1836
14,4,2,1732
14,4,3,1564
14,4,4,1724
14,4,5,2028
14,5,1,1840
14,5,2,1724
14,5,3,1564
14,5,4,1724
14,5,5,2032
14,6,1,1840
14,6,2,1732
14,6,3,1564
14,6,4,1724
14,6,5,2024
14,7,1,1836
14,7,2,1728
14,7,3,1564
14,7,4,1720
14,7,5,2028
14,8,1,1836
14,8,2,1728
14,8,3,1560
14,8,4,1720
14,8,5,2024
14,9,1,1836
14,9,2,1724
14,9,3,1560
14,9,4,1724
14,9,5,2024
14,10,1,1844
14,10,2,1724
14,10,3,1560
14,10,4,1716
14,10,5,2028
14,11,1,1840
14,11,2,1720
14,11,3,1564
14,11,4,1716
14,11,5,2024
14,12,1,1840
14,12,2,1728
14,12,3,1560
14,12,4,1720
14,12,5,2024
14,13,1,1844
14,13,2,1732
14,13,3,1564
14,13,4,1720
14,13,5,2028
14,14,1,1840
14,14,2,1732
14,14,3,1564
14,14,4,1724
14,14,5,2028
14,15,1,1844
14,15,2,1732
14,15,3,1564
14,15,4,1724
14,15,5,2028
14,16,1,1840
14,16,2,1732
14,16,3,1568
14,16,4,1724
14,16,5,2028
14,17,1,1840
14,17,2,1732
14,17,3,1564
14,17,4,1724
14,17,5,2032
14,18,1,1840
14,18,2,1732
14,18,3,1564
14,18,4,1724
14,18,5,2028
14,19,1,1844
14,19,2,1732
14,19,3,1564
14,19,4,1760
14,19,5,2032
14,20,1,1840
14,20,2,1732
14,20,3,1564
14,20,4,1724
14,20,5,2032
14,21,1,1840
14,21,2,1732
14,21,3,1564
14,21,4,1724
14,21,5,2036
14,22,1,1840
14,22,2,1728
14,22,3,1564
14,22,4,1724
14,22,5,2024
14,23,1,1844
14,23,2,1728
14,23,3,1564
14,23,4,1716
14,23,5,2024
14,24,1,1840
14,24,2,1724
14,24,3,1560
14,24,4,1720
14,24,5,2028
14,25,1,1840
14,25,2,1728
14,25,3,1564
14,25,4,1720
14,25,5,2024
14,26,1,1836
14,26,2,1728
14,26,3,1564
14,26,4,1724
14,26,5,2024
14,27,1,1840
14,27,2,1724
14,27,3,1560
14,27,4,1720
14,27,5,2024
14,28,1,1836
14,28,2,1728
14,28,3,1564
14,28,4,1720
14,28,5,2028
14,29,1,1844
14,29,2,1724
14,29,3,1560
14,29,4,1720
14,29,5,2024
14,30,1,1840
14,30,2,1732
14,30,3,1564
14,30,4,1724
14,30,5,2024
14,31,1,1844
14,31,2,1728
14,31,3,1564
14,31,4,1760
14,31,5,2024
14,32,1,1840
14,32,2,1728
14,32,3,1560
14,32,4,1724
14,32,5,2024
14,33,1,1840
14,33,2,1732
14,33,3,1564
14,33,4,1716
14,33,5,2028
14,34,1,1840
14,34,2,1728
14,34,3,1560
14,34,4,1716
14,34,5,2028
14,35,1,1836
14,35,2,1724
14,35,3,1560
14,35,4,1724
14,35,5,2028
14,36,1,1840
14,36,2,1728
14,36,3,1564
14,36,4,1720
14,36,5,2028
14,37,1,1844
14,37,2,1724
14,37,3,1560
14,37,4,1720
14,37,5,2032
14,38,1,1840
14,38,2,1728
14,38,3,1564
14,38,4,1720
14,38,5,2024
14,39,1,1844
14,39,2,1728
14,39,3,1564
14,39,4,1720
14,39,5,2028
14,40,1,1836
14,40,2,1720
14,40,3,1560
14,40,4,1720
14,40,5,2024
14,41,1,1836
14,41,2,1724
14,41,3,1564
14,41,4,1724
14,41,5,2024
14,42,1,1840
14,42,2,1724
14,42,3,1564
14,42,4,1716
14,42,5,2028
14,43,1,1836
14,43,2,1724
14,43,3,1564
14,43,4,1724
14,43,5,2028
14,44,1,1844
14,44,2,1724
14,44,3,1560
14,44,4,1716
14,44,5,2032
14,45,1,1840
14,45,2,1728
14,45,3,1564
14,45,4,1720
14,45,5,2028
14,46,1,1840
14,46,2,1724
14,46,3,1560
14,46,4,1724
14,46,5,2020
14,47,1,1876
14,47,2,1728
14,47,3,1564
14,47,4,1720
14,47,5,2024
14,48,1,1840
14,48,2,1724
14,48,3,1564
14,48,4,1720
14,48,5,2028
14,49,1,1836
14,49,2,1724
14,49,3,1564
14,49,4,1724
14,49,5,2024
15,0,1,1964
15,0,2,2008
15,0,3,1848
15,0,4,1956
15,0,5,2216
15,1,1,1964
15,1,2,2008
15,1,3,1852
15,1,4,1952
15,1,5,2212
15,2,1,1968
15,2,2,2012
15,2,3,1852
15,2,4,1956
15,2,5,2216
15,3,1,1968
15,3,2,2008
15,3,3,1848
15,3,4,1956
15,3,5,2216
15,4,1,1968
15,4,2,2004
15,4,3,1852
15,4,4,1956
15,4,5,2220
15,5,1,1968
15,5,2,2012
15,5,3,1848
15,5,4,1960
15,5,5,2220
15,6,1,1972
15,6,2,2012
15,6,3,1852
15,6,4,1956
15,6,5,2224
15,7,1,1968
15,7,2,2008
15,7,3,1852
15,7,4,1960
15,7,5,2224
15,8,1,1968
15,8,2,2012
15,8,3,1856
15,8,4,1956
15,8,5,2224
15,9,1,1968
15,9,2,2008
15,9,3,1852
15,9,4,1956
15,9,5,2220
15,10,1,1976
15,10,2,2012
15,10,3,1852
15,10,4,1956
15,10,5,2220
15,11,1,1968
15,11,2,2012
15,11,3,1856
15,11,4,1956
15,11,5,2224
15,12,1,1968
15,12,2,2012
15,12,3,1856
15,12,4,1956
15,12,5,2224
15,13,1,1972
15,13,2,2012
15,13,3,1856
15,13,4,1956
15,13,5,2224
15,14,1,1968
15,14,2,2012
15,14,3,1860
15,14,4,1960
15,14,5,2220
15,15,1,1972
15,15,2,2012
15,15,3,1856
15,15,4,1960
15,15,5,2228
15,16,1,1972
15,16,2,2008
15,16,3,1856
15,16,4,1960
15,16,5,2220
15,17,1,1972
15,17,2,2012
15,17,3,1856
15,17,4,1964
15,17,5,2220
15,18,1,2016
15,18,2,2016
15,18,3,1856
15,18,4,1960
15,18,5,2220
15,19,1,1972
15,19,2,2012
15,19,3,1860
15,19,4,1960
15,19,5,2224
15,20,1,1972
15,20,2,2012
15,20,3,1852
15,20,4,1960
15,20,5,2224
15,21,1,1968
15,21,2,2012
15,21,3,1860
15,21,4,1960
15,21,5,2220
15,22,1,1968
15,22,2,2012
15,22,3,1860
15,22,4,1960
15,22,5,2220
15,23,1,1976
15,23,2,2012
15,23,3,1856
15,23,4,1960
15,23,5,2220
15,24,1,1968
15,24,2,2012
15,24,3,1888
15,24,4,1960
15,24,5,2228
15,25,1,1976
15,25,2,2012
15,25,3,1852
15,25,4,1960
15,25,5,2224
15,26,1,1972
15,26,2,2012
15,26,3,1856
15,26,4,1956
15,26,5,2224
15,27,1,1976
15,27,2,2012
15,27,3,1856
15,27,4,1960
15,27,5,2224
15,28,1,1968
15,28,2,2012
15,28,3,1856
15,28,4,1960
15,28,5,2224
15,29,1,1972
15,29,2,2012
15,29,3,1856
15,29,4,1960
15,29,5,2224
15,30,1,1972
15,30,2,2016
15,30,3,1860
15,30,4,1960
15,30,5,2224
15,31,1,2016
15,31,2,2016
15,31,3,1856
15,31,4,1960
15,31,5,2224
15,32,1,1976
15,32,2,2016
15,32,3,1856
15,32,4,1960
15,32,5,2224
15,33,1,1972
15,33,2,2016
15,33,3,1860
15,33,4,1960
15,33,5,2228
15,34,1,1976
15,34,2,2016
15,34,3,1856
15,34,4,1960
15,34,5,2228
15,35,1,1972
15,35,2,2012
15,35,3,1856
15,35,4,1956
15,35,5,2220
15,36,1,1976
15,36,2,2012
15,36,3,1860
15,36,4,1960
15,36,5,2224
15,37,1,1976
15,37,2,2012
15,37,3,1856
15,37,4,1960
15,37,5,2228
15,38,1,1972
15,38,2,2012
15,38,3,1856
15,38,4,1956
15,38,5,2228
15,39,1,1976
15,39,2,2012
15,39,3,1860
15,39,4,1964
15,39,5,2224
15,40,1,1972
15,40,2,2012
15,40,3,1860
15,40,4,1960
15,40,5,2224
15,41,1,1976
15,41,2,2012
15,41,3,1856
15,41,4,1960
15,41,5,2228
15,42,1,1972
15,42,2,2012
15,42,3,1856
15,42,4,1964
15,42,5,2224
15,43,1,1976
15,43,2,2012
15,43,3,1860
15,43,4,1964
15,43,5,2228
15,44,1,1972
15,44,2,2016
15,44,3,1860
15,44,4,2000
15,44,5,2224
15,45,1,1976
15,45,2,2012
15,45,3,1856
15,45,4,1964
15,45,5,2224
15,46,1,1972
15,46,2,2012
15,46,3,1856
15,46,4,1960
15,46,5,2276
15,47,1,1972
15,47,2,2012
15,47,3,1860
15,47,4,1960
15,47,5,2224
15,48,1,1976
15,48,2,2012
15,48,3,1856
15,48,4,1960
15,48,5,2228
15,49,1,1972
15,49,2,2016
15,49,3,1860
15,49,4,1964
15,49,5,2224
16,0,1,1908
16,0,2,1916
16,0,3,1800
16,0,4,1900
16,0,5,2140
16,1,1,1908
16,1,2,1912
16,1,3,1800
16,1,4,1900
16,1,5,2140
16,2,1,1908
16,2,2,1920
16,2,3,1800
16,2,4,1904
16,2,5,2148
16,3,1,1908
16,3,2,1924
16,3,3,1804
16,3,4,1904
16,3,5,2144
16,4,1,1912
16,4,2,1920
16,4,3,1800
16,4,4,1904
16,4,5,2144
16,5,1,1912
16,5,2,1924
16,5,3,1804
16,5,4,1908
16,5,5,2144
16,6,1,1908
16,6,2,1924
16,6,3,1804
16,6,4,1904
16,6,5,2148
16,7,1,1908
16,7,2,1924
16,7,3,1808
16,7,4,1904
16,7,5,2152
16,8,1,1908
16,8,2,1924
16,8,3,1840
16,8,4,1908
16,8,5,2144
16,9,1,1912
16,9,2,1924
16,9,3,1804
16,9,4,1904
16,9,5,2144
16,10,1,1912
16,10,2,1920
16,10,3,1808
16,10,4,1908
16,10,5,2148
16,11,1,1912
16,11,2,1924
16,11,3,1808
16,11,4,1908
16,11,5,2144
16,12,1,1908
16,12,2,1924
16,12,3,1808
16,12,4,1908
16,12,5,2152
16,13,1,1912
16,13,2,1924
16,13,3,1808
16,13,4,1904
16,13,5,2148
16,14,1,1916
16,14,2,1968
16,14,3,1812
16,14,4,1908
16,14,5,2148
16,15,1,1912
16,15,2,1928
16,15,3,1808
16,15,4,1908
16,15,5,2148
16,16,1,1908
16,16,2,1924
16,16,3,1804
16,16,4,1908
16,16,5,2148
16,17,1,1912
16,17,2,1924
16,17,3,1808
16,17,4,1908
16,17,5,2196
16,18,1,1908
16,18,2,1924
16,18,3,1808
16,18,4,1904
16,18,5,2148
16,19,1,1916
16,19,2,1920
16,19,3,1804
16,19,4,1904
16,19,5,2152
16,20,1,1916
16,20,2,1924
16,20,3,1800
16,20,4,1904
16,20,5,2144
16,21,1,1908
16,21,2,1928
16,21,3,1808
16,21,4,1908
16,21,5,2148
16,22,1,1912
16,22,2,1924
16,22,3,1804
16,22,4,1908
16,22,5,2148
16,23,1,1912
16,23,2,1924
16,23,3,1808
16,23,4,1904
16,23,5,2152
16,24,1,1908
16,24,2,1924
16,24,3,1808
16,24,4,1904
16,24,5,2148
16,25,1,1912
16,25,2,1928
16,25,3,1808
16,25,4,1908
16,25,5,2148
16,26,1,1916
16,26,2,1924
16,26,3,1808
16,26,4,1908
16,26,5,2144
16,27,1,1916
16,27,2,1928
16,27,3,1808
16,27,4,1904
16,27,5,2188
16,28,1,1920
16,28,2,1932
16,28,3,1808
16,28,4,1904
16,28,5,2144
16,29,1,1920
16,29,2,1932
16,29,3,1808
16,29,4,1908
16,29,5,2140
16,30,1,1920
16,30,2,1932
16,30,3,1808
16,30,4,1908
16,30,5,2144
16,31,1,1928
16,31,2,1936
16,31,3,1812
16,31,4,1908
16,31,5,2144
16,32,1,1920
16,32,2,1936
16,32,3,1816
16,32,4,1908
16,32,5,2152
16,33,1,1920
16,33,2,1936
16,33,3,1812
16,33,4,1912
16,33,5,2140
16,34,1,1924
16,34,2,1936
16,34,3,1816
16,34,4,1908
16,34,5,2144
16,35,1,1928
16,35,2,1936
16,35,3,1812
16,35,4,1908
16,35,5,2144
16,36,1,1924
16,36,2,1936
16,36,3,1852
16,36,4,1912
16,36,5,2148
16,37,1,1924
16,37,2,1936
16,37,3,1812
16,37,4,1908
16,37,5,2140
16,38,1,1924
16,38,2,1936
16,38,3,1816
16,38,4,1916
16,38,5,2144
16,39,1,1964
16,39,2,1940
16,39,3,1816
16,39,4,1908
16,39,5,2148
16,40,1,1928
16,40,2,1940
16,40,3,1816
16,40,4,1908
16,40,5,2144
16,41,1,1924
16,41,2,1936
16,41,3,1820
16,41,4,1908
16,41,5,2148
16,42,1,1924
16,42,2,1936
16,42,3,1848
16,42,4,1912
16,42,5,2144
16,43,1,1920
16,43,2,1932
16,43,3,1812
16,43,4,1908
16,43,5,2144
16,44,1,1920
16,44,2,1940
16,44,3,1816
16,44,4,1908
16,44,5,2144
16,45,1,1924
16,45,2,1936
16,45,3,1816
16,45,4,1912
16,45,5,2140
16,46,1,1924
16,46,2,1936
16,46,3,1816
16,46,4,1908
16,46,5,2144
16,47,1,1924
16,47,2,1976
16,47,3,1816
16,47,4,1912
16,47,5,2140
16,48,1,1920
16,48,2,1936
16,48,3,1820
16,48,4,1912
16,48,5,2140
16,49,1,1924
16,49,2,1936
16,49,3,1816
16,49,4,1908
16,49,5,2140
17,0,1,2060
17,0,2,2144
17,0,3,1988
17,0,4,2096
17,0,5,2344
17,1,1,2064
17,1,2,2152
17,1,3,2008
17,1,4,2108
17,1,5,2352
17,2,1,2072
17,2,2,2176
17,2,3,2024
17,2,4,2136
17,2,5,2368
17,3,1,2084
17,3,2,2192
17,3,3,2044
17,3,4,2160
17,3,5,2384
17,4,1,2084
17,4,2,2200
17,4,3,2060
17,4,4,2172
17,4,5,2392
17,5,1,2096
17,5,2,2204
17,5,3,2056
17,5,4,2176
17,5,5,2400
17,6,1,2088
17,6,2,2200
17,6,3,2056
17,6,4,2176
17,6,5,2456
17,7,1,2088
17,7,2,2200
17,7,3,2052
17,7,4,2176
17,7,5,2392
17,8,1,2088
17,8,2,2188
17,8,3,2048
17,8,4,2168
17,8,5,2396
17,9,1,2088
17,9,2,2188
17,9,3,2044
17,9,4,2172
17,9,5,2392
17,10,1,2092
17,10,2,2184
17,10,3,2040
17,10,4,2168
17,10,5,2400
17,11,1,2084
17,11,2,2184
17,11,3,2044
17,11,4,2164
17,11,5,2400
17,12,1,2088
17,12,2,2184
17,12,3,2036
17,12,4,2168
17,12,5,2396
17,13,1,2088
17,13,2,2180
17,13,3,2044
17,13,4,2164
17,13,5,2400
17,14,1,2088
17,14,2,2184
17,14,3,2040
17,14,4,2168
17,14,5,2400
17,15,1,2088
17,15,2,2188
17,15,3,2040
17,15,4,2164
17,15,5,2404
17,16,1,2088
17,16,2,2180
17,16,3,2040
17,16,4,2164
17,16,5,2400
17,17,1,2088
17,17,2,2176
17,17,3,2036
17,17,4,2164
17,17,5,2400
17,18,1,2084
17,18,2,2180
17,18,3,2040
17,18,4,2168
17,18,5,2404
17,19,1,2092
17,19,2,2180
17,19,3,2036
17,19,4,2172
17,19,5,2408
17,20,1,2088
17,20,2,2180
17,20,3,2036
17,20,4,2168
17,20,5,2400
17,21,1,2092
17,21,2,2184
17,21,3,2036
17,21,4,2164
17,21,5,2408
17,22,1,2088
17,22,2,2184
17,22,3,2036
17,22,4,2168
17,22,5,2404
17,23,1,2088
17,23,2,2180
17,23,3,2036
17,23,4,2168
17,23,5,2400
17,24,1,2088
17,24,2,2172
17,24,3,2032
17,24,4,2164
17,24,5,2400
17,25,1,2092
17,25,2,2180
17,25,3,2076
17,25,4,2164
17,25,5,2400
17,26,1,2084
17,26,2,2172
17,26,3,2032
17,26,4,2164
17,26,5,2404
17,27,1,2084
17,27,2,2164
17,27,3,2028
17,27,4,2156
17,27,5,2396
17,28,1,2080
17,28,2,2148
17,28,3,2004
17,28,4,2148
17,28,5,2388
17,29,1,2068
17,29,2,2128
17,29,3,1980
17,29,4,2124
17,29,5,2376
17,30,1,2064
17,30,2,2120
17,30,3,1980
17,30,4,2120
17,30,5,2368
17,31,1,2060
17,31,2,2116
17,31,3,2012
17,31,4,2116
17,31,5,2364
17,32,1,2060
17,32,2,2112
17,32,3,1960
17,32,4,2112
17,32,5,2364
17,33,1,2060
17,33,2,2108
17,33,3,1968
17,33,4,2116
17,33,5,2368
17,34,1,2060
17,34,2,2116
17,34,3,1968
17,34,4,2124
17,34,5,2372
17,35,1,2064
17,35,2,2112
17,35,3,1976
17,35,4,2128
17,35,5,2364
17,36,1,2064
17,36,2,2120
17,36,3,1976
17,36,4,2128
17,36,5,2376
17,37,1,2068
17,37,2,2120
17,37,3,1976
17,37,4,2128
17,37,5,2372
17,38,1,2064
17,38,2,2120
17,38,3,1976
17,38,4,2128
17,38,5,2368
17,39,1,2064
17,39,2,2116
17,39,3,1976
17,39,4,2128
17,39,5,2372
17,40,1,2064
17,40,2,2116
17,40,3,1976
17,40,4,2128
17,40,5,2368
17,41,1,2068
17,41,2,2120
17,41,3,1972
17,41,4,2128
17,41,5,2372
17,42,1,2068
17,42,2,2120
17,42,3,1980
17,42,4,2132
17,42,5,2372
17,43,1,2064
17,43,2,2124
17,43,3,1980
17,43,4,2172
17,43,5,2372
17,44,1,2068
17,44,2,2124
17,44,3,1984
17,44,4,2132
17,44,5,2376
17,45,1,2064
17,45,2,2124
17,45,3,1980
17,45,4,2132
17,45,5,2372
17,46,1,2064
17,46,2,2116
17,46,3,1980
17,46,4,2132
17,46,5,2376
17,47,1,2064
17,47,2,2120
17,47,3,1976
17,47,4,2128
17,47,5,2376
17,48,1,2056
17,48,2,2116
17,48,3,1972
17,48,4,2120
17,48,5,2368
17,49,1,2064
17,49,2,2116
17,49,3,1976
17,49,4,2128
17,49,5,2368
18,0,1,2232
18,0,2,2464
18,0,3,2344
18,0,4,2472
18,0,5,2628
18,1,1,2232
18,1,2,2468
18,1,3,2348
18,1,4,2472
18,1,5,2624
18,2,1,2236
18,2,2,2468
18,2,3,2352
18,2,4,2472
18,2,5,2632
18,3,1,2236
18,3,2,2468
18,3,3,2348
18,3,4,2472
18,3,5,2628
18,4,1,2236
18,4,2,2468
18,4,3,2348
18,4,4,2472
18,4,5,2632
18,5,1,2240
18,5,2,2468
18,5,3,2352
18,5,4,2476
18,5,5,2632
18,6,1,2240
18,6,2,2472
18,6,3,2352
18,6,4,2476
18,6,5,2628
18,7,1,2236
18,7,2,2472
18,7,3,2352
18,7,4,2476
18,7,5,2628
18,8,1,2236
18,8,2,2468
18,8,3,2352
18,8,4,2476
18,8,5,2636
18,9,1,2236
18,9,2,2472
18,9,3,2356
18,9,4,2476
18,9,5,2636
18,10,1,2236
18,10,2,2476
18,10,3,2352
18,10,4,2476
18,10,5,2632
18,11,1,2240
18,11,2,2468
18,11,3,2356
18,11,4,2476
18,11,5,2636
18,12,1,2240
18,12,2,2472
18,12,3,2356
18,12,4,2476
18,12,5,2688
18,13,1,2240
18,13,2,2472
18,13,3,2356
18,13,4,2484
18,13,5,2636
18,14,1,2240
18,14,2,2472
18,14,3,2356
18,14,4,2480
18,14,5,2636
18,15,1,2236
18,15,2,2472
18,15,3,2356
18,15,4,2476
18,15,5,2636
18,16,1,2244
18,16,2,2476
18,16,3,2356
18,16,4,2480
18,16,5,2636
18,17,1,2240
18,17,2,2476
18,17,3,2356
18,17,4,2480
18,17,5,2696
18,18,1,2240
18,18,2,2472
18,18,3,2352
18,18,4,2476
18,18,5,2636
18,19,1,2240
18,19,2,2480
18,19,3,2356
18,19,4,2480
18,19,5,2636
18,20,1,2240
18,20,2,2476
18,20,3,2360
18,20,4,2480
18,20,5,2692
18,21,1,2240
18,21,2,2476
18,21,3,2360
18,21,4,2476
18,21,5,2632
18,22,1,2284
18,22,2,2472
18,22,3,2356
18,22,4,2476
18,22,5,2640
18,23,1,2244
18,23,2,2480
18,23,3,2360
18,23,4,2476
18,23,5,2636
18,24,1,2244
18,24,2,2472
18,24,3,2356
18,24,4,2488
18,24,5,2636
18,25,1,2244
18,25,2,2476
18,25,3,2368
18,25,4,2484
18,25,5,2636
18,26,1,2244
18,26,2,2472
18,26,3,2364
18,26,4,2492
18,26,5,2640
18,27,1,2240
18,27,2,2472
18,27,3,2368
18,27,4,2488
18,27,5,2640
18,28,1,2288
18,28,2,2476
18,28,3,2356
18,28,4,2472
18,28,5,2644
18,29,1,2236
18,29,2,2484
18,29,3,2356
18,29,4,2472
18,29,5,2648
18,30,1,2232
18,30,2,2488
18,30,3,2352
18,30,4,2468
18,30,5,2640
18,31,1,2236
18,31,2,2484
18,31,3,2404
18,31,4,2524
18,31,5,2648
18,32,1,2236
18,32,2,2484
18,32,3,2348
18,32,4,2468
18,32,5,2640
18,33,1,2236
18,33,2,2488
18,33,3,2356
18,33,4,2472
18,33,5,2644
18,34,1,2240
18,34,2,2484
18,34,3,2356
18,34,4,2468
18,34,5,2640
18,35,1,2236
18,35,2,2480
18,35,3,2356
18,35,4,2468
18,35,5,2640
18,36,1,2236
18,36,2,2480
18,36,3,2352
18,36,4,2472
18,36,5,2640
18,37,1,2240
18,37,2,2484
18,37,3,2356
18,37,4,2468
18,37,5,2644
18,38,1,2236
18,38,2,2488
18,38,3,2352
18,38,4,2468
18,38,5,2640
18,39,1,2236
18,39,2,2484
18,39,3,2404
18,39,4,2468
18,39,5,2644
18,40,1,2240
18,40,2,2476
18,40,3,2352
18,40,4,2468
18,40,5,2648
18,41,1,2236
18,41,2,2484
18,41,3,2344
18,41,4,2468
18,41,5,2644
18,42,1,2244
18,42,2,2480
18,42,3,2344
18,42,4,2460
18,42,5,2640
18,43,1,2244
18,43,2,2484
18,43,3,2348
18,43,4,2464
18,43,5,2644
18,44,1,2240
18,44,2,2484
18,44,3,2352
18,44,4,2468
18,44,5,2640
18,45,1,2240
18,45,2,2484
18,45,3,2352
18,45,4,2468
18,45,5,2644
18,46,1,2244
18,46,2,2476
18,46,3,2348
18,46,4,2468
18,46,5,2644
18,47,1,2244
18,47,2,2484
18,47,3,2352
18,47,4,2468
18,47,5,2640
18,48,1,2240
18,48,2,2480
18,48,3,2344
18,48,4,2464
18,48,5,2644
18,49,1,2244
18,49,2,2480
18,49,3,2352
18,49,4,2464
18,49,5,2644
19,0,1,2324
19,0,2,2692
19,0,3,2580
19,0,4,2692
19,0,5,2832
19,1,1,2376
19,1,2,2692
19,1,3,2580
19,1,4,2696
19,1,5,2832
19,2,1,2324
19,2,2,2692
19,2,3,2584
19,2,4,2696
19,2,5,2832
19,3,1,2328
19,3,2,2696
19,3,3,2580
19,3,4,2752
19,3,5,2832
19,4,1,2328
19,4,2,2696
19,4,3,2584
19,4,4,2700
19,4,5,2836
19,5,1,2328
19,5,2,2696
19,5,3,2580
19,5,4,2696
19,5,5,2832
19,6,1,2324
19,6,2,2696
19,6,3,2580
19,6,4,2696
19,6,5,2840
19,7,1,2328
19,7,2,2700
19,7,3,2584
19,7,4,2696
19,7,5,2836
19,8,1,2324
19,8,2,2704
19,8,3,2588
19,8,4,2700
19,8,5,2836
19,9,1,2376
19,9,2,2700
19,9,3,2580
19,9,4,2700
19,9,5,2840
19,10,1,2328
19,10,2,2704
19,10,3,2584
19,10,4,2700
19,10,5,2840
19,11,1,2332
19,11,2,2700
19,11,3,2584
19,11,4,2700
19,11,5,2840
19,12,1,2328
19,12,2,2704
19,12,3,2588
19,12,4,2700
19,12,5,2840
19,13,1,2328
19,13,2,2700
19,13,3,2584
19,13,4,2700
19,13,5,2840
19,14,1,2332
19,14,2,2704
19,14,3,2584
19,14,4,2700
19,14,5,2836
19,15,1,2328
19,15,2,2700
19,15,3,2584
19,15,4,2700
19,15,5,2840
19,16,1,2332
19,16,2,2700
19,16,3,2584
19,16,4,2704
19,16,5,2836
19,17,1,2328
19,17,2,2700
19,17,3,2588
19,17,4,2704
19,17,5,2840
19,18,1,2380
19,18,2,2700
19,18,3,2584
19,18,4,2708
19,18,5,2840
19,19,1,2328
19,19,2,2704
19,19,3,2588
19,19,4,2704
19,19,5,2844
19,20,1,2332
19,20,2,2704
19,20,3,2584
19,20,4,2704
19,20,5,2840
19,21,1,2332
19,21,2,2696
19,21,3,2584
19,21,4,2704
19,21,5,2836
19,22,1,2332
19,22,2,2704
19,22,3,2588
19,22,4,2700
19,22,5,2844
19,23,1,2380
19,23,2,2708
19,23,3,2584
19,23,4,2700
19,23,5,2844
19,24,1,2328
19,24,2,2704
19,24,3,2588
19,24,4,2700
19,24,5,2844
19,25,1,2332
19,25,2,2708
19,25,3,2584
19,25,4,2708
19,25,5,2840
19,26,1,2332
19,26,2,2700
19,26,3,2588
19,26,4,2704
19,26,5,2840
19,27,1,2336
19,27,2,2704
19,27,3,2588
19,27,4,2708
19,27,5,2836
19,28,1,2332
19,28,2,2700
19,28,3,2588
19,28,4,2708
19,28,5,2840
19,29,1,2328
19,29,2,2764
19,29,3,2588
19,29,4,2700
19,29,5,2844
19,30,1,2332
19,30,2,2704
19,30,3,2588
19,30,4,2704
19,30,5,2840
19,31,1,2328
19,31,2,2700
19,31,3,2592
19,31,4,2700
19,31,5,2844
19,32,1,2332
19,32,2,2704
19,32,3,2644
19,32,4,2708
19,32,5,2844
19,33,1,2332
19,33,2,2708
19,33,3,2584
19,33,4,2700
19,33,5,2844
19,34,1,2332
19,34,2,2700
19,34,3,2596
19,34,4,2700
19,34,5,2844
19,35,1,2336
19,35,2,2700
19,35,3,2588
19,35,4,2708
19,35,5,2844
19,36,1,2332
19,36,2,2700
19,36,3,2592
19,36,4,2700
19,36,5,2844
19,37,1,2332
19,37,2,2704
19,37,3,2588
19,37,4,2708
19,37,5,2840
19,38,1,2332
19,38,2,2708
19,38,3,2588
19,38,4,2700
19,38,5,2844
19,39,1,2328
19,39,2,2700
19,39,3,2592
19,39,4,2700
19,39,5,2844
19,40,1,2328
19,40,2,2708
19,40,3,2640
19,40,4,2704
19,40,5,2908
19,41,1,2380
19,41,2,2708
19,41,3,2588
19,41,4,2708
19,41,5,2840
19,42,1,2328
19,42,2,2700
19,42,3,2592
19,42,4,2704
19,42,5,2848
19,43,1,2332
19,43,2,2700
19,43,3,2592
19,43,4,2704
19,43,5,2852
19,44,1,2332
19,44,2,2700
19,44,3,2588
19,44,4,2708
19,44,5,2844
19,45,1,2332
19,45,2,2696
19,45,3,2592
19,45,4,2704
19,45,5,2848
19,46,1,2332
19,46,2,2692
19,46,3,2588
19,46,4,2712
19,46,5,2844
19,47,1,2332
19,47,2,2692
19,47,3,2584
19,47,4,2712
19,47,5,2844
19,48,1,2332
19,48,2,2692
19,48,3,2584
19,48,4,2704
19,48,5,2844
19,49,1,2332
19,49,2,2692
19,49,3,2584
19,49,4,2708
19,49,5,2848
20,0,1,2360
20,0,2,2780
20,0,3,2608
20,0,4,2696
20,0,5,2816
20,1,1,2364
20,1,2,2784
20,1,3,2612
20,1,4,2700
20,1,5,2820
20,2,1,2360
20,2,2,2784
20,2,3,2612
20,2,4,2700
20,2,5,2820
20,3,1,2360
20,3,2,2784
20,3,3,2612
20,3,4,2696
20,3,5,2828
20,4,1,2364
20,4,2,2788
20,4,3,2612
20,4,4,2696
20,4,5,2828
20,5,1,2416
20,5,2,2788
20,5,3,2612
20,5,4,2700
20,5,5,2824
20,6,1,2364
20,6,2,2780
20,6,3,2608
20,6,4,2704
20,6,5,2828
20,7,1,2368
20,7,2,2788
20,7,3,2612
20,7,4,2704
20,7,5,2824
20,8,1,2364
20,8,2,2792
20,8,3,2612
20,8,4,2700
20,8,5,2828
20,9,1,2368
20,9,2,2784
20,9,3,2616
20,9,4,2708
20,9,5,2832
20,10,1,2372
20,10,2,2784
20,10,3,2616
20,10,4,2704
20,10,5,2888
20,11,1,2372
20,11,2,2784
20,11,3,2616
20,11,4,2704
20,11,5,2832
20,12,1,2364
20,12,2,2788
20,12,3,2612
20,12,4,2708
20,12,5,2832
20,13,1,2420
20,13,2,2784
20,13,3,2620
20,13,4,2704
20,13,5,2832
20,14,1,2372
20,14,2,2788
20,14,3,2612
20,14,4,2712
20,14,5,2832
20,15,1,2372
20,15,2,2784
20,15,3,2624
20,15,4,2700
20,15,5,2832
20,16,1,2364
20,16,2,2788
20,16,3,2616
20,16,4,2760
20,16,5,2828
20,17,1,2372
20,17,2,2780
20,17,3,2612
20,17,4,2708
20,17,5,2832
20,18,1,2368
20,18,2,2788
20,18,3,2620
20,18,4,2700
20,18,5,2828
20,19,1,2372
20,19,2,2784
20,19,3,2612
20,19,4,2708
20,19,5,2836
20,20,1,2368
20,20,2,2844
20,20,3,2616
20,20,4,2708
20,20,5,2836
20,21,1,2368
20,21,2,2792
20,21,3,2616
20,21,4,2708
20,21,5,2836
20,22,1,2372
20,22,2,2792
20,22,3,2612
20,22,4,2708
20,22,5,2836
20,23,1,2368
20,23,2,2792
20,23,3,2616
20,23,4,2704
20,23,5,2832
20,24,1,2372
20,24,2,2788
20,24,3,2616
20,24,4,2712
20,24,5,2832
20,25,1,2368
20,25,2,2788
20,25,3,2612
20,25,4,2708
20,25,5,2836
20,26,1,2376
20,26,2,2784
20,26,3,2624
20,26,4,2704
20,26,5,2836
20,27,1,2376
20,27,2,2784
20,27,3,2624
20,27,4,2704
20,27,5,2836
20,28,1,2376
20,28,2,2784
20,28,3,2616
20,28,4,2708
20,28,5,2836
20,29,1,2380
20,29,2,2784
20,29,3,2624
20,29,4,2704
20,29,5,2832
20,30,1,2376
20,30,2,2784
20,30,3,2624
20,30,4,2756
20,30,5,2832
20,31,1,2376
20,31,2,2780
20,31,3,2624
20,31,4,2704
20,31,5,2832
20,32,1,2376
20,32,2,2780
20,32,3,2624
20,32,4,2704
20,32,5,2832
20,33,1,2380
20,33,2,2780
20,33,3,2620
20,33,4,2708
20,33,5,2832
20,34,1,2376
20,34,2,2848
20,34,3,2616
20,34,4,2712
20,34,5,2832
20,35,1,2376
20,35,2,2780
20,35,3,2620
20,35,4,2764
20,35,5,2832
20,36,1,2380
20,36,2,2784
20,36,3,2616
20,36,4,2700
20,36,5,2832
20,37,1,2380
20,37,2,2780
20,37,3,2620
20,37,4,2704
20,37,5,2836
20,38,1,2376
20,38,2,2780
20,38,3,2676
20,38,4,2708
20,38,5,2832
20,39,1,2376
20,39,2,2784
20,39,3,2624
20,39,4,2704
20,39,5,2832
20,40,1,2376
20,40,2,2780
20,40,3,2616
20,40,4,2708
20,40,5,2832
20,41,1,2372
20,41,2,2784
20,41,3,2620
20,41,4,2704
20,41,5,2832
20,42,1,2380
20,42,2,2780
20,42,3,2616
20,42,4,2700
20,42,5,2832
20,43,1,2376
20,43,2,2780
20,43,3,2620
20,43,4,2704
20,43,5,2832
20,44,1,2376
20,44,2,2780
20,44,3,2620
20,44,4,2704
20,44,5,2832
20,45,1,2376
20,45,2,2780
20,45,3,2620
20,45,4,2704
20,45,5,2836
20,46,1,2376
20,46,2,2784
20,46,3,2616
20,46,4,2708
20,46,5,2832
20,47,1,2380
20,47,2,2780
20,47,3,2616
20,47,4,2708
20,47,5,2832
20,48,1,2380
20,48,2,2784
20,48,3,2616
20,48,4,2708
20,48,5,2836
20,49,1,2376
20,49,2,2784
20,49,3,2616
20,49,4,2708
20,49,5,2836
21,0,1,2332
21,0,2,2804
21,0,3,2524
21,0,4,2716
21,0,5,2612
21,1,1,2332
21,1,2,2816
21,1,3,2528
21,1,4,2724
21,1,5,2612
21,2,1,2332
21,2,2,2816
21,2,3,2532
21,2,4,2720
21,2,5,2612
21,3,1,2336
21,3,2,2812
21,3,3,2528
21,3,4,2716
21,3,5,2616
21,4,1,2340
21,4,2,2812
21,4,3,2528
21,4,4,2720
21,4,5,2616
21,5,1,2336
21,5,2,2816
21,5,3,2528
21,5,4,2724
21,5,5,2612
21,6,1,2332
21,6,2,2812
21,6,3,2532
21,6,4,2724
21,6,5,2616
21,7,1,2336
21,7,2,2812
21,7,3,2536
21,7,4,2724
21,7,5,2616
21,8,1,2332
21,8,2,2816
21,8,3,2536
21,8,4,2720
21,8,5,2612
21,9,1,2340
21,9,2,2812
21,9,3,2532
21,9,4,2724
21,9,5,2616
21,10,1,2336
21,10,2,2884
21,10,3,2528
21,10,4,2720
21,10,5,2620
21,11,1,2336
21,11,2,2812
21,11,3,2536
21,11,4,2724
21,11,5,2616
21,12,1,2340
21,12,2,2812
21,12,3,2540
21,12,4,2724
21,12,5,2616
21,13,1,2340
21,13,2,2812
21,13,3,2532
21,13,4,2720
21,13,5,2616
21,14,1,2336
21,14,2,2820
21,14,3,2532
21,14,4,2724
21,14,5,2620
21,15,1,2336
21,15,2,2812
21,15,3,2536
21,15,4,2724
21,15,5,2620
21,16,1,2344
21,16,2,2816
21,16,3,2544
21,16,4,2724
21,16,5,2616
21,17,1,2340
21,17,2,2816
21,17,3,2540
21,17,4,2728
21,17,5,2672
21,18,1,2384
21,18,2,2812
21,18,3,2540
21,18,4,2724
21,18,5,2616
21,19,1,2340
21,19,2,2880
21,19,3,2532
21,19,4,2724
21,19,5,2620
21,20,1,2340
21,20,2,2820
21,20,3,2532
21,20,4,2728
21,20,5,2620
21,21,1,2336
21,21,2,2824
21,21,3,2532
21,21,4,2724
21,21,5,2624
21,22,1,2340
21,22,2,2824
21,22,3,2532
21,22,4,2720
21,22,5,2624
21,23,1,2336
21,23,2,2816
21,23,3,2532
21,23,4,2728
21,23,5,2620
21,24,1,2344
21,24,2,2816
21,24,3,2532
21,24,4,2728
21,24,5,2620
21,25,1,2344
21,25,2,2816
21,25,3,2536
21,25,4,2724
21,25,5,2616
21,26,1,2336
21,26,2,2824
21,26,3,2532
21,26,4,2724
21,26,5,2620
21,27,1,2340
21,27,2,2820
21,27,3,2536
21,27,4,2724
21,27,5,2616
21,28,1,2344
21,28,2,2816
21,28,3,2532
21,28,4,2720
21,28,5,2624
21,29,1,2344
21,29,2,2816
21,29,3,2592
21,29,4,2724
21,29,5,2628
21,30,1,2388
21,30,2,2816
21,30,3,2536
21,30,4,2724
21,30,5,2616
21,31,1,2340
21,31,2,2824
21,31,3,2540
21,31,4,2728
21,31,5,2616
21,32,1,2340
21,32,2,2820
21,32,3,2532
21,32,4,2724
21,32,5,2620
21,33,1,2340
21,33,2,2820
21,33,3,2540
21,33,4,2728
21,33,5,2624
21,34,1,2340
21,34,2,2824
21,34,3,2532
21,34,4,2724
21,34,5,2624
21,35,1,2348
21,35,2,2820
21,35,3,2536
21,35,4,2728
21,35,5,2624
21,36,1,2344
21,36,2,2888
21,36,3,2532
21,36,4,2724
21,36,5,2620
21,37,1,2344
21,37,2,2824
21,37,3,2532
21,37,4,2724
21,37,5,2620
21,38,1,2344
21,38,2,2820
21,38,3,2588
21,38,4,2724
21,38,5,2624
21,39,1,2340
21,39,2,2824
21,39,3,2532
21,39,4,2724
21,39,5,2676
21,40,1,2336
21,40,2,2820
21,40,3,2532
21,40,4,2724
21,40,5,2624
21,41,1,2344
21,41,2,2820
21,41,3,2532
21,41,4,2728
21,41,5,2624
21,42,1,2336
21,42,2,2820
21,42,3,2532
21,42,4,2724
21,42,5,2620
21,43,1,2344
21,43,2,2816
21,43,3,2540
21,43,4,2724
21,43,5,2624
21,44,1,2340
21,44,2,2824
21,44,3,2532
21,44,4,2724
21,44,5,2620
21,45,1,2344
21,45,2,2820
21,45,3,2540
21,45,4,2724
21,45,5,2624
21,46,1,2340
21,46,2,2824
21,46,3,2536
21,46,4,2724
21,46,5,2624
21,47,1,2340
21,47,2,2820
21,47,3,2536
21,47,4,2728
21,47,5,2616
21,48,1,2336
21,48,2,2820
21,48,3,2540
21,48,4,2728
21,48,5,2620
21,49,1,2340
21,49,2,2816
21,49,3,2540
21,49,4,2720
21,49,5,2620
